trial_number,value,state,duration,lr,batch_size,latent_dim,poly_order,lambda1_metaweight
0,2.0023142042191466e-06,COMPLETE,0:00:03.757858,3.7556369839814335e-06,162,4,3,1.1463758487911675
1,2.002322162297787e-06,COMPLETE,0:00:03.272859,0.009636249344239397,75,1,2,1.0379248482380135
2,1.998053448915016e-06,COMPLETE,0:00:02.653953,0.00017967874709579968,145,4,2,0.895068579269279
3,1.9081277052561443,PRUNED,0:00:05.764344,0.03248763006407765,72,4,3,1.1896385682246713
4,2.00040494746645e-06,COMPLETE,0:00:03.326293,0.00036787276050844516,187,4,3,0.9721460739352998
5,2.002313976845471e-06,COMPLETE,0:00:03.653293,0.07236759642886836,62,2,2,1.0414437420479126
6,11.050372098286946,PRUNED,0:00:06.105913,0.006640825050455001,20,4,2,1.4074996891792368
7,2.002321480176761e-06,COMPLETE,0:00:02.495335,1.90288450122213e-05,208,1,3,0.5374746185562181
8,2.0123829926887993e-06,COMPLETE,0:00:03.038792,5.4666052762709086e-05,58,2,2,0.7168918464110009
9,2.1137184858322144,PRUNED,0:00:01.085820,4.829568294735819e-06,61,4,2,1.3425902190609884
10,2.077491411795983,PRUNED,0:00:00.518400,6.35166657606974e-05,122,1,2,1.294745833276204
11,2.027646228119179,PRUNED,0:00:00.941827,6.385957561229076e-05,56,4,2,0.9874913455916462
12,10.95078444480896,PRUNED,0:00:00.079669,0.0006834170233153053,150,4,2,1.3885803439933444
13,2.1479380130767822,PRUNED,0:00:00.297804,0.00013485637921880017,222,1,3,1.4431668163762583
14,2.030525028705597,PRUNED,0:00:00.453029,0.00013734153621959618,249,2,3,0.7650057138017556
15,2.0544593009081753,PRUNED,0:00:00.583012,1.1616129893510242e-06,145,2,3,0.6491039443890968
16,2891.575936996937,PRUNED,0:00:00.110984,0.03023871979242189,78,2,2,0.6356966966209581
17,122.20223621527354,PRUNED,0:00:00.085935,0.0028374310208608027,256,3,3,0.798280930029166
18,1.7092983942703912,PRUNED,0:00:21.506127,0.0007065007900212521,5,3,3,0.851101807726323
19,2.000613903874182e-06,COMPLETE,0:00:24.016784,0.0005524488772276183,9,3,3,0.7909882739164471
20,11.39256411128574,PRUNED,0:00:00.095340,0.0008501774494329562,183,3,3,0.8690904724078323
21,20.955793816377135,PRUNED,0:00:00.663024,0.002663673692063273,11,3,3,0.9047587032975992
22,49.81116332962949,PRUNED,0:00:01.762559,0.0028207233973616746,4,3,3,1.185574106828852
23,108.26880097389221,PRUNED,0:00:00.097252,0.0028308730590187845,104,3,2,1.1942102526600193
24,2.158596316803596e-06,COMPLETE,0:00:23.643480,0.0004699768874668546,9,3,3,0.9154733269033268
25,2.0952884091271295,PRUNED,0:00:00.452585,1.8493874626288353e-05,185,4,3,1.1518455742424094
26,2.13394980771201,PRUNED,0:00:00.205440,0.00042284422303471875,109,4,2,0.9383358317393462
27,4.130396229880197,PRUNED,0:00:00.102223,0.00046741372381115095,111,4,2,0.8908062879975769
28,8199.604385351833,PRUNED,0:00:00.266331,0.06305959221896033,19,3,2,1.0545111006084245
29,1648.8958805584045,PRUNED,0:00:00.286072,0.04070554339949159,18,3,2,1.0489270905839019
30,4199.533245629575,PRUNED,0:00:00.294959,0.060550836752294786,18,3,2,1.0581409659792675
31,1161.9081994957394,PRUNED,0:00:00.061219,0.011642358093797366,178,2,2,1.0353252535126154
32,31.57050934433937,PRUNED,0:00:00.067279,0.001732742129595949,204,3,2,0.8116268651364865
33,493.4772968888283,PRUNED,0:00:00.087937,0.0074644804634727445,135,3,2,0.8444667313290636
34,275.30124777013606,PRUNED,0:00:00.069987,0.007264161208224453,137,2,2,0.9571714279716532
35,1297.4457335710526,PRUNED,0:00:00.074258,0.012919092117774523,162,2,2,0.980128619514744
36,755.2931275844574,PRUNED,0:00:00.088724,0.009589014801281158,161,2,2,0.9756024879107941
37,2.1301095843315125,PRUNED,0:00:00.338927,1.0797371196611768e-05,165,2,3,1.1175358008930332
38,2.1036736965179443,PRUNED,0:00:00.465817,1.0961727639161184e-06,165,4,3,1.1027805147204617
39,2.1220268964767457,PRUNED,0:00:00.270523,1.0720140671468338e-06,163,4,3,1.1378403672233417
40,2.1218077294966755,PRUNED,0:00:00.403532,1.1816974930326222e-06,91,4,3,1.1563886001802623
41,2.1190521478652955,PRUNED,0:00:00.290610,1.477604384360728e-06,163,4,3,1.12631497785543
42,2.1086058616638184,PRUNED,0:00:00.382648,8.018945270876561e-06,200,4,3,1.107442072530517
43,2.126619093120098,PRUNED,0:00:00.394404,3.774066363639768e-06,94,4,3,1.2296241221842106
44,2.127287170466255,PRUNED,0:00:00.415221,3.957659215153115e-06,92,4,3,1.265856957823961
45,2.185971736907959,PRUNED,0:00:00.240186,3.32692848267699e-06,203,4,3,1.287965322877805
46,2.1266894936561584,PRUNED,0:00:00.181722,3.342521327863813e-06,202,1,3,1.249406697468886
47,2.1402479433163535e-06,COMPLETE,0:00:07.247226,0.00015407415136799404,42,4,3,1.2525616193976319
48,1.9633466516222273,PRUNED,0:00:00.697388,0.00016003129219005987,225,1,3,0.5060817644998862
49,1.9985646179744176,PRUNED,0:00:00.560335,2.3167173685842307e-05,232,1,3,0.5052770517201512
50,1.9884933373507332,PRUNED,0:00:01.656341,3.455337717121847e-05,45,1,3,0.7062233786636435
51,2.011371442249843,PRUNED,0:00:00.444799,3.198751637970036e-05,229,1,3,0.5809578322490039
52,2.037315653069527e-06,COMPLETE,0:00:02.019156,0.00018034412455438645,125,1,3,0.7308995524096442
53,2.009427527586619,PRUNED,0:00:00.588502,8.513602660839978e-05,125,1,3,0.727687431079212
54,2.5039413202376593,PRUNED,0:00:00.174489,0.00021125835951218882,36,1,3,1.348108700157584
55,2.005537043015162,PRUNED,0:00:00.575534,8.89674197040938e-05,124,1,3,0.7030976819561472
56,2.160420149564743,PRUNED,0:00:00.112535,4.010525545700603e-05,193,4,2,1.484106147827055
57,2.0325088262557984,PRUNED,0:00:00.407224,1.176262093855245e-05,149,3,3,0.6962588705922943
58,11.542379025490053,PRUNED,0:00:00.136945,0.0012910750191190493,49,1,2,1.0091140469613136
59,1079.9428965178404,PRUNED,0:00:00.099450,0.017566835938348912,70,1,2,0.9161772778870891
60,2333.7028611302376,PRUNED,0:00:00.103179,0.02089797029232529,77,2,2,0.921339995417709
61,4161.918607685301,PRUNED,0:00:00.076625,0.024193337471895317,177,2,2,1.026990248985777
62,3.388611452920096,PRUNED,0:00:00.075733,0.0003215873238993305,216,2,2,1.195528079452035
63,375.6724491357803,PRUNED,0:00:00.090564,0.005070634466063911,152,4,2,1.0779900285969708
64,192591.7489271164,PRUNED,0:00:00.126791,0.09586992221805495,75,4,2,0.934106891345673
65,86.28266954421997,PRUNED,0:00:00.233627,0.004592037376226248,30,4,2,1.0818158590440596
66,3899.752607241921,PRUNED,0:00:00.114950,0.041633378405275125,66,1,2,0.8757818967866665
67,7.706145797457014,PRUNED,0:00:00.070553,0.0006896846380182011,214,1,2,0.8782013343902002
68,2.0019513158331392e-06,COMPLETE,0:00:04.840119,7.179351490192467e-05,33,2,2,0.5712626209763291
69,1.994675358218956e-06,COMPLETE,0:00:04.247662,7.21729725596211e-05,39,2,2,0.5639718008668346
70,1.9293672609329224,PRUNED,0:00:01.873490,5.7225623940178476e-05,60,2,2,0.6168376197991352
71,1.995369075302733e-06,COMPLETE,0:00:03.491147,6.086473777217807e-05,55,2,2,0.6030091209248447
72,2.0475290502820696,PRUNED,0:00:00.227521,1.6800113966131368e-05,240,2,2,0.82992324850839
73,2.009384388657054e-06,COMPLETE,0:00:03.213789,0.00010382023421882994,54,3,2,0.7888125215938235
74,2.028013527393341,PRUNED,0:00:00.252690,2.1356246088793357e-06,188,3,2,0.5376282492259158
75,1.994309589266777,PRUNED,0:00:00.467337,0.00010039043915305949,187,2,2,0.5306097049035003
76,2.0190286506777224,PRUNED,0:00:00.786628,6.755664380852823e-06,33,2,2,0.5595513566729134
77,2.031749063067966,PRUNED,0:00:00.205167,6.612354684210884e-06,174,2,2,0.5825286246752228
78,2.014105062152064,PRUNED,0:00:00.864582,7.262352300192149e-06,35,2,2,0.5647000704824207
79,2.135433735670867,PRUNED,0:00:00.189175,0.00023134698552856317,28,2,2,0.6496798156240813
80,3.2583734537183773e-06,COMPLETE,0:00:03.747173,0.0002461786121812298,42,2,2,0.658974130793071
81,2.2364454252965515e-06,COMPLETE,0:00:03.437960,0.00011583255464053074,45,2,2,0.6162023724453823
82,2.0263298665668117e-06,COMPLETE,0:00:10.771857,0.00010913870336689928,11,2,2,0.6117277530213501
83,2.0091088117624167e-06,COMPLETE,0:00:10.924167,4.325471654625063e-05,11,2,2,0.6170765912875767
84,2.0123911781411152e-06,COMPLETE,0:00:05.927210,4.80781993043065e-05,22,2,2,0.6070867292118776
85,2.008120309222828,PRUNED,0:00:00.329554,6.748227033602654e-05,141,2,2,0.6167462898820633
86,2.493736928954604e-06,COMPLETE,0:00:25.815569,7.162272457397984e-05,5,2,2,0.6067790323440794
87,2.262564066768391e-06,COMPLETE,0:00:29.889111,4.4859268906296846e-05,4,2,2,1.0038689437246517
88,1.4742991902655171,PRUNED,0:00:16.875170,0.00045968933083755353,6,4,2,0.9690873427336433
89,3.5992512021745955,PRUNED,0:00:00.084825,0.0004862169162193521,113,3,2,0.6711439497616836
90,2.0672021905581155,PRUNED,0:00:00.229994,2.437945310028297e-05,51,4,2,0.9605124332785997
91,2.146421949068705,PRUNED,0:00:00.151271,6.831690621790027e-05,83,4,3,1.0029388841539144
92,2.096721437242296,PRUNED,0:00:00.152380,1.7856237346406353e-05,84,4,3,1.0173569317075557
93,2.125557949145635,PRUNED,0:00:00.123315,2.9716447869455618e-05,63,3,2,1.1750346089925787
94,25.05166718694899,PRUNED,0:00:00.075714,0.0012037162522196875,172,3,2,1.169811498573975
95,2.9219622135162355,PRUNED,0:00:00.124588,0.0003818108597417879,60,1,3,0.7575462591556695
96,2.9322912395000458,PRUNED,0:00:00.065205,0.0003014053977400949,209,1,3,0.526661463099345
97,2.5528970062732697,PRUNED,0:00:00.081075,0.00014567339693665713,197,2,3,1.0704901160173261
98,1.9913661386593278,PRUNED,0:00:02.806134,1.1888915172790146e-05,9,2,2,0.5552903150096193
99,1.9980870371279509,PRUNED,0:00:01.892122,1.1643028619703662e-05,13,2,2,0.5539555215216976
100,2.0191382645862177e-06,COMPLETE,0:00:06.084718,5.0018857135454574e-05,24,2,2,0.5897713991006133
101,1.994006399450631,PRUNED,0:00:01.137667,4.6116662150433764e-05,26,2,2,0.6786909180769036
102,7.750467538833618,PRUNED,0:00:00.116338,0.0004914752206222213,152,4,3,1.0431640553276917
103,3.307460077603658,PRUNED,0:00:00.432411,0.0004964259298013254,25,4,3,0.9855099581134514
104,40.83118330209683,PRUNED,0:00:00.307797,0.002246663451735818,39,4,3,0.9830601345828012
105,27.49040819009145,PRUNED,0:00:00.421328,0.002261298965388465,25,4,3,0.9844775109365875
106,4.261638725957563,PRUNED,0:00:00.469500,0.0009190730743602493,24,4,3,0.5878974227007456
107,8.685355146725973,PRUNED,0:00:00.108800,0.0008609136829703359,135,1,3,0.5919953221386522
108,2.019063413143158,PRUNED,0:00:00.199247,6.412105903540369e-05,156,2,2,0.5846281131131509
109,2.0456731787351803,PRUNED,0:00:00.805965,8.027014421074899e-05,14,2,2,0.9544031142468782
110,2.047887307676402,PRUNED,0:00:00.671972,6.892408173340518e-05,17,2,2,0.939079632786664
111,1.999042979150545e-06,COMPLETE,0:00:09.011390,8.017354463783339e-05,16,2,2,0.6340187707224805
112,3.0283802061603637e-06,COMPLETE,0:00:21.550752,8.618718540118646e-05,6,2,2,0.5024006324378438
113,2.076188124459365,PRUNED,0:00:00.262407,2.228319223216697e-06,53,2,2,0.8486130435886912
114,2.0344442277146664,PRUNED,0:00:01.970855,2.412164153414582e-06,5,3,2,0.6409777694870724
115,2.724718342506094e-06,COMPLETE,0:00:25.670682,3.7014155102079734e-05,5,3,2,0.5098007584498513
116,1.993089310824871,PRUNED,0:00:00.693452,3.640798536362223e-05,47,2,2,0.5048275216379596
117,2.0436687618494034,PRUNED,0:00:00.238610,2.538578803565185e-05,47,2,2,0.760772018108207
118,1.9949119849638506,PRUNED,0:00:00.564357,3.751786940985696e-05,68,3,2,0.512036264720821
119,2.2221334843799987,PRUNED,0:00:00.133523,0.0001890182763295487,52,3,2,0.7977456066964412
120,2.119182575832714,PRUNED,0:00:00.135006,0.00011717337698449669,69,3,2,0.7963076257453557
121,50409.28480937746,PRUNED,0:00:00.076588,0.07044998403408884,170,3,2,0.8912882082572582
122,2.0650067001581194,PRUNED,0:00:00.500080,8.783296029271103e-05,38,3,2,0.8906018703638476
123,2.125169404915401,PRUNED,0:00:00.134533,0.0001277142513439515,55,1,2,0.8211229660833748
124,2.213670094807943,PRUNED,0:00:00.079324,8.696110029579276e-05,182,4,2,1.0946378006757043
125,2.199589269501822,PRUNED,0:00:00.218376,0.00015154565548631735,36,2,3,0.78015146487726
126,2.1890994716197887,PRUNED,0:00:00.183853,0.00024948152193740304,32,3,2,0.7417388725199949
127,2.1422721101687503,PRUNED,0:00:00.138455,0.00027324247523761324,58,1,2,0.7424857521507828
128,2.027603460682763,PRUNED,0:00:00.374766,5.168888544467363e-05,42,2,2,0.6893757771964841
129,2.037916053425182,PRUNED,0:00:00.168425,4.632281509657075e-05,142,2,2,0.7140588875864468
130,2.012032846042088,PRUNED,0:00:00.440071,1.560970794477041e-05,43,2,2,0.5349978099096475
131,397.9230462364529,PRUNED,0:00:00.129398,0.014311839134193212,65,2,2,0.5384342562915599
132,2.0331037839253745,PRUNED,0:00:00.234993,1.525106169246256e-05,83,2,2,0.6318416839602339
133,29654.057340054285,PRUNED,0:00:00.229747,0.04258486031971588,74,4,3,1.1357134046544253
134,2.4015821695327757,PRUNED,0:00:00.185988,0.00018743024920408284,75,4,3,0.6680235229927136
135,2.1301817297935486,PRUNED,0:00:00.128619,2.9367943022650133e-05,62,2,2,1.2031878506090958
136,2.057144288663511,PRUNED,0:00:00.304261,3.0854297275853246e-05,57,2,2,0.8556203933736498
137,2.0355585515499115,PRUNED,0:00:00.174489,2.0743080113066088e-05,192,2,2,0.6326228955733467
138,1.994262447624351e-06,COMPLETE,0:00:08.155489,5.726959700235279e-05,18,2,2,0.6083470837487399
139,1.999992491619196e-06,COMPLETE,0:00:06.978500,5.954027850236787e-05,21,2,2,0.6051582069130587
140,1.9971344045188744e-06,COMPLETE,0:00:06.761627,6.146155052608784e-05,21,2,2,0.604478891930918
141,12.345572418477161,PRUNED,0:00:00.284183,0.003577260350000833,18,2,2,0.557441714432526
142,2.0809502530028112e-06,COMPLETE,0:00:08.870529,0.00010092415917701942,15,2,2,0.5711219959683189
143,2.0539528122753836e-06,COMPLETE,0:00:04.831767,7.809172640074309e-05,30,2,2,0.5711666669039787
144,42.170332759939214,PRUNED,0:00:01.045482,0.009383213506279313,4,2,2,0.6055379649041318
145,2.025290163166552,PRUNED,0:00:00.537079,5.119705029906606e-06,18,2,2,0.5755463606198552
146,1749.6225545707955,PRUNED,0:00:00.368035,0.03349124780775994,18,2,3,0.5763859209644162
147,2.107188376287619,PRUNED,0:00:00.190249,5.123382854392091e-06,31,2,2,1.0588786165569235
148,2.018047379950682,PRUNED,0:00:00.475064,5.6255139562574824e-05,31,2,2,0.6517298191282878
149,3.542500508046942e-06,COMPLETE,0:00:11.397124,0.00010126083798035961,11,2,2,0.6339785293313874
150,1.997592789848568e-06,COMPLETE,0:00:09.931754,5.7172509951253995e-05,12,2,2,0.6485814464018531
151,2.345872189835063e-06,COMPLETE,0:00:12.642745,7.574462493166543e-05,10,2,2,0.6210875265051926
152,2.013419045466129,PRUNED,0:00:00.593969,3.8564871086122354e-05,14,2,2,0.6342079801357908
153,2.0410234355949797e-06,COMPLETE,0:00:11.926332,0.00010117116419128428,10,2,2,0.547263347035793
154,2.7264246554441853,PRUNED,0:00:00.416801,0.00035562512761431526,21,2,3,1.028533249697712
155,2.1468106297106715e-06,COMPLETE,0:00:11.380874,6.717631881045774e-05,10,1,2,0.6008098338119616
156,2.0269499145797454e-06,COMPLETE,0:00:10.687388,5.9151050224591884e-05,11,1,2,0.6107265204316089
157,2.04490627348423,PRUNED,0:00:00.079973,6.26904154102865e-05,98,1,2,0.6126375022242996
158,2.1239455699920655,PRUNED,0:00:00.067175,0.00013803953777271626,158,2,2,0.5433204615593968
159,2.096726738489591,PRUNED,0:00:00.080794,0.00011320702865190759,119,2,2,0.5956425421515954
160,1.9997189610876376e-06,COMPLETE,0:00:11.459711,5.567645501079856e-05,11,2,2,0.6286857562502841
161,2.005814621952595e-06,COMPLETE,0:00:11.929141,5.263638793646086e-05,10,2,2,0.629105526621015
162,2.0073136965947924e-06,COMPLETE,0:00:10.862623,5.525775090005619e-05,11,2,2,0.6263744186267591
163,2.039327730150784,PRUNED,0:00:00.218383,5.652256127193292e-05,22,2,2,0.683422388419929
164,2.2862454214516807,PRUNED,0:00:00.538002,0.0006003378665544098,11,2,3,0.628460579473579
165,2.056785076856613,PRUNED,0:00:00.061688,2.52886060139322e-05,210,2,2,0.663676932322
166,1.4634088165808044,PRUNED,0:00:04.695943,4.456022216000284e-05,10,1,2,0.5976242667375785
167,2.059006997517177,PRUNED,0:00:00.063811,4.606580523693068e-05,220,1,3,0.6017921491598835
168,2.0388076454401016,PRUNED,0:00:00.189030,6.995988998570656e-05,27,2,2,0.6598242134426019
169,2.547358577901667,PRUNED,0:00:00.074321,0.0001552706327500197,147,4,2,1.3234182480450292
170,2.099087735017141,PRUNED,0:00:00.072526,5.586304495054703e-05,131,2,2,0.9167461403565667
171,2.0371663506825763,PRUNED,0:00:00.267091,0.00010525498772188623,20,4,2,0.5525050283594495
172,2.3520963191986084,PRUNED,0:00:00.059263,0.0002098144391961117,234,2,2,0.6457447321646123
173,2.0385687790418925,PRUNED,0:00:00.140986,1.6072055270415987e-06,40,1,2,0.5953603907810749
174,2.1109891335169473,PRUNED,0:00:00.156114,9.377790411606016e-06,36,2,2,1.0982848843365958
175,81917.6223173108,PRUNED,0:00:00.334539,0.09519981463735584,14,2,2,0.9470581159722353
176,2.162809001988378,PRUNED,0:00:00.261263,0.00012976509074025532,26,2,3,1.0473096229934695
177,2.1768513239663223,PRUNED,0:00:00.396800,0.00012623691039638174,26,4,3,1.0499172131572643
178,2.0600211064020795,PRUNED,0:00:00.117692,4.365194952599745e-05,50,2,2,0.7163641670812966
179,2.077762680394309,PRUNED,0:00:00.116632,8.69897585879549e-05,55,2,2,0.6954912004035569
180,2.0863080748489926,PRUNED,0:00:00.137140,7.013696830761446e-05,54,4,2,0.7825131641414013
181,2.071031112881268,PRUNED,0:00:00.248139,3.394037811103897e-05,22,4,2,0.8357141208528623
182,2.0830803182390003,PRUNED,0:00:00.073641,3.67579440333212e-05,166,4,2,0.8327531431315729
183,2.1163895686467487,PRUNED,0:00:00.242240,3.390193524284997e-05,20,2,2,1.2192886909198457
184,2.036413423717022,PRUNED,0:00:00.175389,2.892665879704543e-05,47,2,3,0.5729638549534563
185,25.926253810734817,PRUNED,0:00:00.242588,0.005594094484825305,21,2,2,0.5619844774272383
186,2.052912255128225,PRUNED,0:00:00.115681,4.87858931891871e-05,63,2,2,0.6751650428850802
187,2.0619567897584705,PRUNED,0:00:00.067860,4.8219774085308345e-05,178,2,2,0.6788889856037756
188,1.4305029517860823,PRUNED,0:00:03.182755,5.011815041692306e-05,16,2,2,0.526140170231207
189,2.011457551609386,PRUNED,0:00:00.533847,5.319675904799696e-05,17,2,2,0.6254073421744126
190,78.10036312147628,PRUNED,0:00:00.158912,0.0063680507201087635,35,2,2,0.5898417988969238
191,2.033219947056337,PRUNED,0:00:00.186428,8.62087510827227e-05,34,3,2,0.5252858195504084
192,2.009013087445055e-06,COMPLETE,0:00:08.251245,8.823184981210506e-05,16,3,2,0.5234478608312034
193,2.043220964345065,PRUNED,0:00:00.104936,5.6559245046083656e-05,69,2,2,0.6263515057262581
194,2.0430754102193394,PRUNED,0:00:00.187434,7.67288749865297e-05,29,2,2,0.6473505085862398
195,2.0479675045719854,PRUNED,0:00:00.178329,7.517245570124207e-05,28,2,2,0.6451540401987191
196,2.133988194568183,PRUNED,0:00:00.306942,0.00018094488836571313,16,3,2,1.0182952468911721
197,2.239634234564645,PRUNED,0:00:00.143577,0.00017430622582809968,43,3,2,1.0226618905821923
198,2.0116103560693803,PRUNED,0:00:00.388674,4.198023786735997e-05,24,2,2,0.5887054775998015
199,2.0091250859774075,PRUNED,0:00:00.425979,5.05393878667253e-05,23,2,2,0.5855612015477629
200,1.996292439798708e-06,COMPLETE,0:00:07.722640,5.932015182203487e-05,16,2,2,0.6078041979716655
201,2.067241072654724,PRUNED,0:00:00.123152,9.579564450018395e-05,60,2,2,0.6093995996658843
202,1.991991439354024e-06,COMPLETE,0:00:09.332368,6.216150874673401e-05,14,2,2,0.5231217807936895
203,2.0688759833574295,PRUNED,0:00:00.076831,6.17883237159763e-05,200,2,3,0.5589326565789442
204,2.1030034804344178,PRUNED,0:00:00.307926,2.037107254805857e-05,15,2,2,1.1191830442543305
205,2.058424132416047,PRUNED,0:00:00.264390,6.329445881811666e-05,18,2,2,0.8141710558537015
206,2.051962561905384,PRUNED,0:00:00.171507,2.5551715161554773e-05,31,2,2,0.7333988001751872
207,2.0359272848476064,PRUNED,0:00:00.077869,4.107393958470933e-05,141,2,2,0.5765803381999381
208,3.734613756023464e-06,COMPLETE,0:00:14.656310,0.00010952625298736758,8,2,2,0.6264100661950764
209,2.5996712338383077e-06,COMPLETE,0:00:19.276327,8.116716476719987e-05,6,2,2,0.6126146168057961
210,2.7967619189439574e-06,COMPLETE,0:00:28.250492,7.445325754666305e-05,4,2,2,0.6107134179191481
211,4.964562944186631,PRUNED,0:00:00.948329,0.0014259015391663676,4,2,2,1.395330155283057
212,223.1250050227914,PRUNED,0:00:00.767469,0.020681723599006864,5,2,2,0.6643489407818969
213,2.0352546064645654,PRUNED,0:00:00.423326,8.80576124061235e-05,10,2,2,0.6618227606799024
214,2.036255673274098,PRUNED,0:00:00.590065,8.973105161905453e-05,10,2,3,0.6161388727585445
215,2.5862282200250775e-06,COMPLETE,0:00:20.530724,6.721180664092198e-05,8,2,3,0.6231754993791291
216,2.250359825549587,PRUNED,0:00:00.388170,0.0003117023767108522,12,3,2,1.075388490185393
217,2.222438017527262,PRUNED,0:00:00.063643,0.00010905373689202963,254,3,2,0.8696954861318121
218,2.0332565021514895,PRUNED,0:00:00.305954,6.915110892926839e-05,15,3,2,0.6347142524430514
219,3.157782202833914e-06,COMPLETE,0:00:13.330723,6.029796851665003e-05,9,3,2,0.6172275538373563
220,2.053126211448382,PRUNED,0:00:00.526381,6.374785675457093e-05,8,3,2,0.7714457733861174
221,2.129621179847163e-06,COMPLETE,0:00:17.310897,6.487266252691763e-05,7,3,2,0.5371934289289078
222,1.979845036434222,PRUNED,0:00:00.912629,6.0096779009523455e-05,19,2,2,0.5383207822544964
223,2.0343377542111183,PRUNED,0:00:00.397449,0.00011986060900945412,12,2,2,0.6065279494999003
224,2.983550075441599e-06,COMPLETE,0:00:29.538117,7.73906687540076e-05,4,3,2,0.5682555844417707
225,2548.167804374873,PRUNED,0:00:00.328643,0.0510453824547162,14,2,2,0.5326961130882806
226,4406.455946960436,PRUNED,0:00:01.400470,0.028237888266008194,4,2,3,0.503040245469387
227,2.0100432013122127,PRUNED,0:00:00.435796,3.50026633205202e-05,21,2,2,0.5727355496398431
228,2.590472377050901e-06,COMPLETE,0:00:17.401334,7.751479578643025e-05,7,2,2,0.5563172799984224
229,1.8609163715869566,PRUNED,0:00:01.354867,7.853043191026646e-05,19,2,2,0.5631440535899437
230,2.50474613494589e-06,COMPLETE,0:00:09.207610,7.76467434036403e-05,14,2,2,0.6166692589434869
231,2.065778598189354,PRUNED,0:00:00.062180,7.81524314753173e-05,194,2,2,0.5457262519508067
232,2.033997904736063,PRUNED,0:00:00.325208,4.525819934680165e-05,13,2,2,0.6438808480662181
233,1.9913756915114142,PRUNED,0:00:00.774863,4.442967601259189e-05,17,2,2,0.5274834949449391
234,644.537213653326,PRUNED,0:00:00.067197,0.009122307000929749,207,4,2,0.5193500912805661
235,2.086116067824825,PRUNED,0:00:00.199039,5.1961644098945714e-05,24,2,2,0.9986410883192944
236,16.236555322308405,PRUNED,0:00:00.547731,0.003577958053157483,14,2,3,0.589169375533262
237,2.0725089037418365,PRUNED,0:00:00.414135,6.68623061624912e-05,15,2,3,0.9006331570532808
238,2.048011722388091,PRUNED,0:00:00.109410,6.49700882597779e-05,57,2,2,0.597597031740994
239,2.057906472682953,PRUNED,0:00:00.125995,5.8233852354979514e-05,51,2,2,0.6477057376725804
240,2.123768412548563,PRUNED,0:00:00.116344,5.461901208239988e-05,65,2,2,1.1472968313557015
241,2.0791212618350983,PRUNED,0:00:00.064339,9.27775491710411e-05,186,2,2,0.5594263264626566
242,2.107369339466095,PRUNED,0:00:00.078177,9.00780851531996e-05,153,2,2,0.7019846662756443
243,2.048288127092215,PRUNED,0:00:00.219996,3.82347543385214e-05,23,3,2,0.7088209794052398
244,2.0334557597066314,PRUNED,0:00:00.223452,3.6826714051760736e-05,21,1,2,0.6337107270999882
245,2.0454782843589783,PRUNED,0:00:00.075283,2.9554778477440233e-06,131,1,2,0.6275628227268261
246,2.1909411483340793,PRUNED,0:00:00.071927,0.00014333551963111022,168,4,2,0.5804803806456678
247,2.080901203332124,PRUNED,0:00:00.214289,0.00015292914599100756,28,4,2,0.5768577075926559
248,2.0299351534673145,PRUNED,0:00:00.201677,4.926112382359313e-05,27,2,2,0.605366360494472
249,2.010257884680507,PRUNED,0:00:00.487380,4.448735416657563e-05,18,2,2,0.6026728949382691
250,1.9925662420129264,PRUNED,0:00:00.799742,6.515865983493555e-05,16,2,2,0.6093409360421876
251,2.035980841805858,PRUNED,0:00:00.355368,7.147362663939513e-05,12,2,2,0.6586683513348831
252,2.0223519641149323e-06,COMPLETE,0:00:13.718800,7.598416707989252e-05,9,2,2,0.5479173947391561
253,2.0920973520681083,PRUNED,0:00:00.580604,0.0003617803007173985,9,2,2,0.5459387523256826
254,2.0473887443542482,PRUNED,0:00:00.096005,3.096795674639541e-05,160,2,2,0.6303343237645361
255,2.0653182250611923,PRUNED,0:00:00.233147,0.00025040826708329616,22,2,2,0.5832159184613729
256,2.0425129517530785,PRUNED,0:00:00.184358,5.028361603484918e-05,39,2,3,0.6451602273274771
257,2.058462117291704,PRUNED,0:00:00.247039,8.365891399829475e-05,19,2,2,0.7966878024775972
258,2.030840268617944,PRUNED,0:00:00.253025,7.998412391698205e-05,19,2,2,0.6100114559309161
259,816.7391213720495,PRUNED,0:00:00.132948,0.014532419780460926,46,2,2,0.5566885801348515
260,2.0934550028580885,PRUNED,0:00:00.079379,4.061515964493268e-05,118,2,2,0.9275563574544251
261,2.1313450153057394,PRUNED,0:00:00.079412,0.00010916372374209398,118,2,2,0.7544382219381446
262,2.13782000541687,PRUNED,0:00:00.088012,0.00010972951580246017,180,3,3,0.6236447041000674
263,2.0587273836135864,PRUNED,0:00:00.086305,4.91034320978783e-05,226,3,3,0.6230880415539967
264,2.0792952091797536,PRUNED,0:00:00.333089,5.45807949039121e-05,13,2,2,0.9625076711904917
265,2.1254840237753734,PRUNED,0:00:00.067358,5.6952951116510894e-05,215,2,2,0.9658408063996524
266,2.038877175404475,PRUNED,0:00:00.115178,1.4655289885890948e-06,59,4,2,0.5891037617651568
267,2.0960219983131654,PRUNED,0:00:00.339547,7.492200005945191e-05,12,2,2,1.0637349976964912
268,2.3406953873305487,PRUNED,0:00:00.189429,0.0005845606966169106,26,2,2,0.5167904883016641
269,2.0126743900015,PRUNED,0:00:00.305650,3.157611146606361e-05,32,1,2,0.5640168640145157
270,2.0467714071273804,PRUNED,0:00:00.113657,2.9048151271696806e-05,53,1,2,0.6600610527346289
271,2.0535192083805165,PRUNED,0:00:00.183514,7.293054796478495e-05,32,4,2,0.6842789667423834
272,2.0603753732096766,PRUNED,0:00:02.021919,4.053696962193507e-05,4,4,3,0.8519433652687084
273,2.065247259356759,PRUNED,0:00:00.123433,3.839513467638619e-05,70,2,3,0.5961445645773933
274,3077.3899358583726,PRUNED,0:00:00.569368,0.07680038039586316,7,2,2,0.6501710182424439
275,4224.555339021067,PRUNED,0:00:00.493029,0.07780916278144863,8,2,2,1.0343901908920632
276,2.0694954975317885,PRUNED,0:00:00.938823,4.345489702068018e-06,4,2,2,0.8501378811668511
277,2.0685283646864048,PRUNED,0:00:00.086633,0.00010002150210676908,88,2,2,0.5823351748457274
278,2.0557590590582953,PRUNED,0:00:00.075515,5.938917650972912e-05,174,2,3,0.568589837369543
279,2.0379567586458647,PRUNED,0:00:00.219973,1.3000149550358822e-05,23,2,2,0.6334262892968018
280,2.117007978260517,PRUNED,0:00:00.089774,4.492829553087435e-05,99,4,2,0.8558592068130144
281,2.775374325838956,PRUNED,0:00:00.071301,0.0003984110956520997,146,2,2,0.6428799967902352
282,2.082758815451102,PRUNED,0:00:00.295533,0.00021792091635508434,17,3,2,0.7298105796047958
283,2.0362438180229883,PRUNED,0:00:00.291912,0.0001328373057808225,17,3,2,0.5991544211925122
284,2.017753801345825,PRUNED,0:00:00.214993,2.1836173693218404e-05,61,2,2,0.5469967024829719
285,2.1865601693430254,PRUNED,0:00:00.139059,5.2666208279972764e-05,49,2,2,1.4442728308701867
286,2.1356404622395835,PRUNED,0:00:00.114797,2.316687871662395e-05,63,2,2,1.25428887683911
287,2.0736535805922287,PRUNED,0:00:00.321142,9.760480348619759e-05,23,2,3,0.6776838606515206
288,2.033511209487915,PRUNED,0:00:00.280062,4.12145723027631e-05,25,2,3,0.5439390324457366
289,2.052109720451491,PRUNED,0:00:00.377168,0.000100322556541686,27,4,3,0.5180786905569446
290,2.0806463306600396,PRUNED,0:00:00.072420,8.972702765004794e-05,136,2,2,0.676828844634461
291,2.05734925866127,PRUNED,0:00:00.097939,9.607866844745765e-05,78,2,2,0.5154038655970885
292,2.1249934367595182,PRUNED,0:00:00.348782,5.893017772659082e-05,12,2,2,1.2990427703731893
293,1.7971956646960714,PRUNED,0:00:01.870802,6.342043370539569e-05,13,1,2,0.5702218792807561
294,2.129080998017484,PRUNED,0:00:00.420465,9.470192842270262e-06,10,1,2,1.2798773400163759
295,2.078716340310433,PRUNED,0:00:00.395182,5.781754256708883e-05,11,1,2,0.9972932686124317
296,2.100865915014937,PRUNED,0:00:00.146071,6.597542675822269e-05,41,1,2,0.9976755615583153
297,2.0351422373453776,PRUNED,0:00:00.244782,4.980683259944384e-05,20,3,2,0.6007345000428426
298,2.285113237698873,PRUNED,0:00:00.270964,0.00029874803883661523,20,3,2,1.0940566713566477
299,2.1888242959976196,PRUNED,0:00:00.073740,7.593588344550895e-05,191,3,2,1.0996990784991711
300,2.100118572993945,PRUNED,0:00:00.287936,0.0002864031425429058,16,2,2,0.5987112442800506
301,2.032498741451698,PRUNED,0:00:00.261191,0.00012616820362232879,19,2,2,0.5864254011508861
302,2.075550664554943,PRUNED,0:00:00.281753,0.0003044907830685161,17,2,2,0.5013367126729124
303,2.319250992366246,PRUNED,0:00:00.064788,0.00012918687852272833,241,2,2,1.1718786756404553
304,2.0338138001305714,PRUNED,0:00:00.118731,3.267746563455691e-05,54,2,2,0.584699000502208
305,2.0499784307820454,PRUNED,0:00:00.138865,3.2822532404337636e-05,55,4,2,0.5730967239071592
306,2.068358959975066,PRUNED,0:00:00.125974,3.147584720892979e-05,57,2,2,0.7823877786818613
307,2.0357315969467162,PRUNED,0:00:00.192953,4.70827688437739e-05,30,4,2,0.617065072210793
308,2.0789948067766555,PRUNED,0:00:00.188594,5.3838384650274565e-05,32,4,2,0.8836912617864342
309,2.0926029980182648,PRUNED,0:00:00.081703,4.644921400084363e-05,203,2,2,0.8858611349109523
310,12.478572784468184,PRUNED,0:00:00.171194,0.0021895796024535164,35,2,2,0.6237086929607214
311,2.066898178595763,PRUNED,0:00:00.187642,6.710112239873127e-05,29,2,2,0.8151379575320514
312,9404.057448720932,PRUNED,0:00:00.089043,0.0357087338984657,156,2,3,0.6455689599579064
313,9.134362268447877,PRUNED,0:00:00.101265,0.0008067473785900715,155,2,3,0.6448494183716313
314,2.0369719144339875,PRUNED,0:00:00.473471,6.974816723880406e-05,14,2,3,0.6546586113539268
315,2.0775603311402455,PRUNED,0:00:00.090846,7.109369959259014e-05,108,2,2,0.6647824032207286
316,2.040278014735641,PRUNED,0:00:00.320372,0.00018732959320495453,14,2,2,0.5588819854708553
317,2.033356395259034e-06,COMPLETE,0:00:09.685551,7.680444624382314e-05,13,2,2,0.558681965268624
318,13.717304352287934,PRUNED,0:00:00.327045,0.0038923617581020204,14,2,2,0.5353563714476058
319,2.0418927213724922,PRUNED,0:00:00.138535,7.596918120660085e-05,45,2,2,0.5333570549335751
320,2.132149277311383,PRUNED,0:00:00.147033,8.296378791677912e-05,46,3,2,1.0508485967474108
321,8677.323647065596,PRUNED,0:00:00.280596,0.04888689437517286,46,3,2,1.0316028299937257
322,2.1283703531537737,PRUNED,0:00:00.066724,4.091515918745012e-05,219,3,2,1.0509896567513197
323,2.061971498572308,PRUNED,0:00:00.107523,5.756821177359186e-05,66,1,2,0.7531689306907566
324,2.0792132909481342,PRUNED,0:00:00.217141,5.8639997069404924e-05,23,1,2,0.940190325731339
325,2.0525540709495544,PRUNED,0:00:00.092080,5.5552971965229086e-05,126,2,2,0.6134089590008799
326,2.06199139211236,PRUNED,0:00:00.186982,5.3840943463853334e-05,37,4,2,0.7535306920823542
327,3.8701508026856644,PRUNED,0:00:00.225969,0.001047387503157346,23,2,2,1.0179951010966897
328,329.2341481089592,PRUNED,0:00:00.156342,0.011732336395180063,38,2,2,1.0190252674654283
329,2.0340353058230494,PRUNED,0:00:00.306859,1.7079148288241167e-05,24,2,3,0.6265944179226774
330,5.78199669122696,PRUNED,0:00:00.390489,0.0010475208029392664,25,4,3,0.6945097264224988
331,2.042256898136549,PRUNED,0:00:00.694759,6.891033484753054e-06,8,2,3,0.6957378208858108
332,3.056562515405508,PRUNED,0:00:00.281380,0.0005180734381839921,23,2,3,0.712617545792894
333,2.167708520607282,PRUNED,0:00:00.713355,0.0005444717963069792,8,2,3,0.6950854608201849
334,2.086804469426473,PRUNED,0:00:00.517702,1.027970251232977e-06,8,2,2,0.9049892992714283
335,2.0728292593391995,PRUNED,0:00:00.490024,9.267138921202731e-05,8,2,2,0.9104459548792889
336,2.0790890831275273,PRUNED,0:00:00.413686,7.217685235624036e-06,10,2,2,0.9131482771652063
337,2.377238702774048,PRUNED,0:00:00.070568,0.0001594325824375507,165,2,2,1.2196081774935692
338,3286.378411364555,PRUNED,0:00:00.109999,0.023440097689498188,78,2,2,1.2252147415289931
339,2.0300526930527254,PRUNED,0:00:00.307853,0.00010712127942586724,17,2,2,0.5866459003784865
340,2.033268012783744,PRUNED,0:00:00.313812,3.90452483239756e-05,17,4,2,0.608691033532496
341,2.0415432588963567,PRUNED,0:00:00.411347,0.00011545666783907999,19,4,2,0.6002624828611377
342,333.1476058701435,PRUNED,0:00:00.307266,0.023724636417900884,18,4,2,0.5936474696787923
343,2.0332268385947505,PRUNED,0:00:00.302687,3.7925909366843295e-05,19,4,2,0.597558722597542
344,2.1509651839733124,PRUNED,0:00:00.069364,4.113789364110141e-05,198,2,2,1.1233977775115664
345,24.299038843675092,PRUNED,0:00:00.127086,0.0016910309494247593,141,3,2,0.6334272579924399
346,2.0402156981554898,PRUNED,0:00:00.090685,4.4032550751881155e-05,141,3,2,0.5538278648357996
347,2.045721964041392,PRUNED,0:00:00.143403,5.555091376766482e-06,50,3,2,0.6389136490344917
348,18.610157641497526,PRUNED,0:00:00.082555,0.0016894736062388895,140,2,2,0.9770062888433959
349,2.055026133855184,PRUNED,0:00:00.099046,2.8630817854079544e-06,184,2,2,0.6338947080720354
350,2.042205946786063,PRUNED,0:00:00.122806,2.6342863210374738e-05,71,2,2,0.6368511450741874
351,2.827919161063619e-06,COMPLETE,0:00:28.830379,8.448555674345096e-05,4,2,2,0.5749141372502619
352,2.0315674120020644,PRUNED,0:00:00.357320,5.5315916165460285e-06,14,2,2,0.567662205591736
353,2.047453536987305,PRUNED,0:00:00.120173,7.853252839231264e-05,60,2,2,0.563042546908865
354,1.99729129235493e-06,COMPLETE,0:00:10.018098,8.607814511716641e-05,12,2,2,0.5756200032296646
355,2.1520523991540212,PRUNED,0:00:00.334024,0.00041032347770786684,14,2,2,0.5775761664781274
356,1.9851936485792976e-06,COMPLETE,0:00:08.908249,9.184941089801632e-05,14,2,2,0.5741281973617612
357,2.1110571233125834,PRUNED,0:00:00.185213,8.324920806699659e-05,29,2,2,1.0782878092125552
358,2.270904928445816,PRUNED,0:00:00.072907,9.454442808670912e-05,212,2,3,1.0793335369381054
359,2.041733753681183,PRUNED,0:00:00.070158,6.524873625553235e-05,150,2,2,0.5260536512308737
360,2.042889396349589,PRUNED,0:00:00.079284,5.120938865904859e-05,172,2,2,0.5288903098567657
361,52.807390455375696,PRUNED,0:00:00.376057,0.00775623303535035,11,1,2,0.6609260217309341
362,2.5808305963437306e-06,COMPLETE,0:00:29.395855,0.00014758806324143014,4,1,2,0.6650093855437643
363,2.081525753284323,PRUNED,0:00:00.192140,0.0002197503298350105,26,2,2,0.6169606132729293
364,2.0904399092565447,PRUNED,0:00:01.063903,0.00014535313609390524,5,2,3,0.8235823276296016
365,2.0610060691833496,PRUNED,0:00:00.103989,1.8577124701312644e-06,65,2,2,0.7278195603522197
366,2.0734663690839494,PRUNED,0:00:00.060609,5.105517328643595e-05,234,2,2,0.6112621917911857
367,1.991278850255185e-06,COMPLETE,0:00:11.017858,6.782829609026513e-05,11,2,2,0.5509698659146692
368,2.0984166582425434,PRUNED,0:00:00.116972,0.00011918763372688321,51,1,2,0.6687902219728191
369,2.0337364287443562,PRUNED,0:00:00.314040,6.091013644899429e-05,21,2,3,0.5831930162629669
370,1.9881995894084468,PRUNED,0:00:01.060849,3.1950167829702085e-05,14,3,2,0.5002620949419265
371,2.0298749611658207,PRUNED,0:00:00.451872,2.9267184830470783e-05,11,2,2,0.6165881760303219
372,2.0582367300987245,PRUNED,0:00:00.197800,4.5726841709837506e-05,30,2,2,0.7719748041614364
373,2.16124042792198,PRUNED,0:00:00.225971,9.5866661604648e-05,39,2,2,1.1518374067022952
374,2.0668410796385546,PRUNED,0:00:00.176381,9.3488963006287e-05,39,2,2,0.6532824423228833
375,2.0437601536092624,PRUNED,0:00:00.463176,6.185238047323375e-05,21,4,3,0.6562425873799883
376,2.030333532761502,PRUNED,0:00:02.113833,5.9953565149407585e-05,4,4,3,0.5982790699139012
377,2.0337967761357625,PRUNED,0:00:00.488091,6.133180213972373e-05,20,4,3,0.5954538212550825
378,1089.0100732326507,PRUNED,0:00:00.069993,0.015841093373618862,162,2,2,0.5903195899239057
379,2.054734375741747,PRUNED,0:00:00.080426,4.816794912710762e-05,178,1,2,0.6173283584427962
380,2.047816689296435,PRUNED,0:00:01.000309,3.931600294061687e-05,4,2,2,0.7954733859932523
381,2.142491755662141,PRUNED,0:00:00.120796,0.00013322565705075937,57,2,2,0.789443628344547
382,7.149799436330795,PRUNED,0:00:00.066279,0.0007023768582540717,189,3,2,0.8062284168189906
383,2.010308715430173,PRUNED,0:00:00.293805,3.822365077962562e-05,34,2,2,0.5518627955685927
384,2.1837136046087835e-06,COMPLETE,0:00:29.927785,6.482823045498685e-05,4,2,2,0.6281024173244326
385,5.004478225600906e-06,COMPLETE,0:00:29.729111,0.00011553928963743969,4,2,2,0.5208842170149097
386,2.0766324486051286,PRUNED,0:00:00.096420,0.00015704795564737615,73,2,2,0.538738335670866
387,3.2991988518915605e-06,COMPLETE,0:00:10.186881,0.00011072860244010471,13,2,2,0.5182659131770658
388,2.108066976070404,PRUNED,0:00:00.063885,0.00011708256176569229,205,2,2,0.5748709520267793
389,2.007304252947078,PRUNED,0:00:00.755551,1.427718606203605e-05,11,2,2,0.5166997870220055
390,2.082750041638651,PRUNED,0:00:00.346685,9.385389554401488e-05,12,2,2,0.9486272897305605
391,2.0390359329920944,PRUNED,0:00:00.275828,0.00019221093155049972,16,2,2,0.5208097315166823
392,4.701243597082794e-06,COMPLETE,0:00:08.401488,0.00012037505194234863,16,2,2,0.546314562354866
393,6.35884089206229e-06,COMPLETE,0:00:08.620819,0.00011107527851699356,16,3,2,0.5432742508184114
394,2.115129429173757,PRUNED,0:00:00.507764,7.710077813655362e-05,9,2,2,1.1958212897964868
395,1.9773079645633698,PRUNED,0:00:00.940043,7.181944270895672e-05,15,2,2,0.5561720511151684
396,2.8028707674820907e-06,COMPLETE,0:00:17.935140,9.852931858960758e-05,10,2,3,0.54761656346054
397,2.8082108656235505e-06,COMPLETE,0:00:18.303225,8.629180296467422e-05,10,2,3,0.572882703961991
398,2.0298533042271933,PRUNED,0:00:01.397294,9.42331299314911e-05,4,2,3,0.5742690735263127
399,8.656560167510023,PRUNED,0:00:00.773217,0.002869831276146414,8,2,3,0.576336593458875
400,2.002067909638087,PRUNED,0:00:00.385495,7.76612211305224e-05,25,2,2,0.5440221644261142
401,2.002326754728953,PRUNED,0:00:00.388299,6.777388571545362e-05,25,2,2,0.5362169857939413
402,1.9282529186082367,PRUNED,0:00:01.958249,5.520953969189293e-05,10,2,2,0.5647839794144363
403,1.9354754582347486,PRUNED,0:00:01.876396,5.2269596337622685e-05,10,1,2,0.5631640894119301
404,2.1896350308309627,PRUNED,0:00:00.252332,0.0003574420017620991,19,1,2,0.6020920992875677
405,3302.8151097069767,PRUNED,0:00:00.453676,0.06090585266553278,11,2,2,0.5729998995925295
406,2.0023369280497234,PRUNED,0:00:00.512861,8.527639941775632e-05,20,2,2,0.5837978169055792
407,2.0223160219192504,PRUNED,0:00:00.709986,1.0083032090284673e-05,20,2,3,0.588295477814682
408,2.0309608367181595,PRUNED,0:00:00.364072,6.517553637379897e-05,16,2,2,0.6286767386775878
409,75123.69504221895,PRUNED,0:00:00.306462,0.09605219353009836,21,2,3,0.609611744291879
410,2.0293572538642475,PRUNED,0:00:00.584342,2.3046588611784313e-05,8,4,2,0.6060196367752015
411,2.0713357024936268,PRUNED,0:00:01.106648,4.788598835089897e-05,4,4,2,0.980279066367708
412,2.668093293905258,PRUNED,0:00:00.077190,0.0002483443652250749,195,2,2,0.9891485224703888
413,2.0048120341130664,PRUNED,0:00:00.357277,4.67709381701424e-05,27,2,2,0.5312843573471493
414,2.293267471031868e-06,COMPLETE,0:00:30.158699,7.029548945637286e-05,4,2,2,0.6286774271229384
415,1.9852848254231503e-06,COMPLETE,0:00:09.268920,8.069326522602125e-05,14,2,2,0.500820068489789
416,2.1379798906985843,PRUNED,0:00:00.340602,6.400379450442161e-05,14,2,2,1.369518202619604
417,3.1993990887713153e-06,COMPLETE,0:00:10.073907,0.00016836247360246307,13,2,2,0.5024117171773163
418,2.0373157764149603,PRUNED,0:00:00.470745,4.091237148622176e-06,14,2,3,0.6220826245392878
419,105.0440002749948,PRUNED,0:00:00.101027,0.005392265305817979,89,2,2,0.6358289988143785
420,2.0343821590596978,PRUNED,0:00:00.084073,1.3458955718179804e-06,148,2,2,0.5154260480856574
421,2.119969622071949e-06,COMPLETE,0:00:14.960579,8.796441103273422e-05,10,4,2,0.5568523258558246
422,3.6177900590394674,PRUNED,0:00:00.118427,0.00043597729675773106,82,2,2,1.041709619011742
423,2.0049266240682946,PRUNED,0:00:00.552892,7.134688729998332e-05,18,2,2,0.5906957170071129
424,5725.197539289792,PRUNED,0:00:00.096506,0.030501692747203143,127,4,2,0.500263884094505
425,2.0966226384043694,PRUNED,0:00:00.170509,5.4498464082165294e-05,31,2,2,1.011602958426523
426,2.008821181456248,PRUNED,0:00:00.422940,3.977205524605169e-05,25,2,2,0.5566245327138003
427,2.03409531520259,PRUNED,0:00:00.393815,7.656723646703728e-05,12,2,2,0.6428131881146222
428,1.972558306058248,PRUNED,0:00:00.741102,9.276141423280001e-05,20,2,2,0.5090294603774345
429,1.9730309104919435,PRUNED,0:00:00.721320,9.70891597338609e-05,20,2,2,0.5269146570646467
430,2.0311310791200206,PRUNED,0:00:00.302913,0.00016946790417588848,16,2,2,0.5148479219647996
431,2.204823911190033,PRUNED,0:00:00.127574,0.00013907537716761976,131,4,3,0.5096803714246405
432,2.002657134618078,PRUNED,0:00:00.371180,6.275339672875252e-05,27,2,2,0.5353483597149323
433,2.1000459750493365,PRUNED,0:00:00.197295,6.706471294569621e-05,25,1,2,1.0662957702946867
434,2.0742387090410506,PRUNED,0:00:00.078357,8.537195420501025e-05,223,2,2,0.5354022671417913
435,3.014406502188649e-06,COMPLETE,0:00:12.522142,0.00011249338819977695,10,2,2,0.5484076867128592
436,2.1291580196702853e-06,COMPLETE,0:00:14.000631,0.00011611467311577446,9,2,2,0.5010107880411995
437,3.1764818686497165e-06,COMPLETE,0:00:09.452372,0.00012353550000567863,14,2,2,0.5012504726627323
438,2.1093484032154084,PRUNED,0:00:00.346431,5.233119586570597e-05,15,4,2,1.113585045806866
439,2.0299666964005088,PRUNED,0:00:00.365679,0.00020302554371293152,14,4,2,0.5007816023388145
440,151.98229399133237,PRUNED,0:00:00.167669,0.010474035564588374,32,2,2,0.5008923328905356
441,2.051538949662989,PRUNED,0:00:00.172532,0.00012216229284411627,34,2,2,0.5540025080742086
442,2.0820889334345973,PRUNED,0:00:00.226565,0.00012692621532665253,35,2,3,0.5469805906072186
443,2.1544701882771085,PRUNED,0:00:00.114785,0.00011672410658197398,112,2,3,0.5539204076870998
444,2.036526408265619,PRUNED,0:00:00.323300,7.712360989646231e-05,22,1,3,0.5546220539084137
445,217.96938997507095,PRUNED,0:00:00.252045,0.018342700429050413,22,2,2,0.5752617605573969
446,2.072387350930108,PRUNED,0:00:00.075336,7.657233131025012e-05,169,1,2,0.593266216230435
447,2.000935642834169,PRUNED,0:00:00.949573,3.7162609108843897e-05,9,2,2,0.5656182976856435
448,2.039341858455113,PRUNED,0:00:00.070437,1.7682677864591462e-05,239,2,2,0.6106374356489579
449,2.008215492203732,PRUNED,0:00:00.860152,3.389861363959827e-05,10,2,2,0.6072033452414384
450,1.9977493271770248,PRUNED,0:00:00.925258,3.402722633917636e-05,9,2,2,0.5296629217322338
451,2.031561568379402,PRUNED,0:00:00.089154,5.12279484171779e-05,97,2,2,0.5315120691460988
452,2.195507824420929,PRUNED,0:00:00.267941,0.00028502125586476535,17,2,2,0.9588640202219588
453,2.19542081672025,PRUNED,0:00:00.325036,0.0003006874454072974,18,4,2,0.8633874794381746
454,2.0740380693565714,PRUNED,0:00:00.309215,6.006097867853368e-05,17,4,2,0.8720510393599836
455,2.0301031158729033,PRUNED,0:00:00.314153,5.64002227629302e-05,17,4,2,0.5818473735108536
456,2.0861256652408176,PRUNED,0:00:00.075286,9.358105089490354e-05,184,2,2,0.5932662049680708
457,2.0369124435461483,PRUNED,0:00:00.186447,9.363844767064453e-05,29,2,2,0.5872014171079446
458,2.04437241596835,PRUNED,0:00:00.206602,2.415596549449311e-06,27,2,2,0.642353501150971
459,2.0979099598797886,PRUNED,0:00:00.088826,4.596888605703305e-05,136,2,2,0.9315617675454372
460,2.041524261694688,PRUNED,0:00:00.286312,4.5270534664471976e-05,23,2,3,0.6364687830900149
461,2.0916088342666628,PRUNED,0:00:00.085691,6.773151433757685e-05,161,2,3,0.602662696304231
462,2.088403449904534,PRUNED,0:00:00.762293,6.556425716474411e-05,8,2,3,1.029976116509596
463,1.9976086803229458,PRUNED,0:00:00.940197,4.506570071716654e-05,9,2,2,0.5633005426172294
464,2.1147382888529034,PRUNED,0:00:00.135786,7.024334563130897e-05,42,2,2,1.0362577212516788
465,2.0306759024626455,PRUNED,0:00:00.476051,2.5653757534348825e-05,10,2,2,0.6225545230225378
466,2.0340436831764555,PRUNED,0:00:00.363613,0.00010313909825706141,13,2,2,0.6187843917971411
467,23128.912189218732,PRUNED,0:00:00.072405,0.04231810178939364,176,1,2,1.164444339563195
468,2.102816786084856,PRUNED,0:00:00.070661,0.00010410865203962474,217,2,2,0.5651548745426515
469,2.028887406984965,PRUNED,0:00:00.256600,3.295928102118224e-06,20,2,2,0.5393516913754487
470,2.05947523911794,PRUNED,0:00:00.083503,8.657685601189611e-05,105,2,2,0.5400466366487773
471,2.030306369325389,PRUNED,0:00:00.384381,5.134606486565227e-05,13,2,2,0.61832674375485
472,2.107529869850944,PRUNED,0:00:00.268791,7.792142953704126e-05,22,2,2,1.134190180288165
473,2.0741773673466275,PRUNED,0:00:00.075347,5.379218235670312e-05,229,1,2,0.6723469983315885
474,2.110395755723258,PRUNED,0:00:00.394959,8.06453948267265e-05,14,4,2,1.1344033515521263
475,33.234471160674765,PRUNED,0:00:00.356414,0.007801702662253679,14,4,2,0.5864930048024388
476,2.114614427089691,PRUNED,0:00:00.078896,1.1586562828316737e-05,199,4,2,1.09122829715963
477,3.0773983868685635,PRUNED,0:00:00.093591,0.00023207436258645798,145,2,3,1.061495198601143
478,2.1141289389133453,PRUNED,0:00:00.310558,0.0001512318394695213,15,2,2,1.009285402163252
479,2.3102444454475686,PRUNED,0:00:00.207009,0.0003782399709984465,28,2,2,0.6520802207622076
480,2.375551441999582,PRUNED,0:00:00.261430,0.0004245054663511793,23,3,2,0.6534301204655477
481,2.1774503267728367,PRUNED,0:00:00.218563,0.0001617348233867098,122,2,2,0.6003940585764169
482,2.145125108654611e-06,COMPLETE,0:00:17.622367,6.091035727925918e-05,7,2,2,0.5236567724149037
483,64.52439892644523,PRUNED,0:00:01.420185,0.004446942262757596,4,2,3,0.5978162135230053
484,174.18648874759674,PRUNED,0:00:00.080581,0.004530466375906051,208,2,3,0.5259774993571721
485,1.4687539778089012,PRUNED,0:00:03.342453,6.0017396517371744e-05,8,1,2,0.5645193430893198
486,2.0031235550023334,PRUNED,0:00:00.488235,6.23609273584978e-05,19,1,2,0.5736221491638471
487,1.999887336820564,PRUNED,0:00:00.867139,3.88379930299216e-05,10,2,2,0.5516301889156576
488,2.028449024780687,PRUNED,0:00:00.517158,4.432177019105221e-05,9,2,2,0.6294506119599671
489,2.0323650420430197,PRUNED,0:00:00.282573,5.7137925215982955e-05,18,2,2,0.6312723780905635
490,2.3201859404769123,PRUNED,0:00:00.266121,0.0005868395502602729,19,2,2,0.5759604828918353
491,2.0077649923471306,PRUNED,0:00:00.450702,2.8205914496215243e-05,23,2,2,0.5296059945674163
492,2.1328934950213276,PRUNED,0:00:00.257322,3.0164625668859605e-05,24,2,2,1.316885478782194
493,15.671357691287994,PRUNED,0:00:00.200496,0.0029074764718221174,31,3,2,0.5208585298546754
494,2.0034381129123546,PRUNED,0:00:00.539466,6.424104107983411e-05,28,2,3,0.5236333426954566
495,2.0857495784759523,PRUNED,0:00:00.095135,6.604263757357636e-05,158,2,3,0.6138027779228201
496,64.46890668869018,PRUNED,0:00:00.109241,0.0027752042382517264,153,3,3,0.6075728798640931
497,2.0310214554721657,PRUNED,0:00:00.330741,0.00010757477900213367,17,2,2,0.5924551465084776
498,2.174242949485779,PRUNED,0:00:00.087047,0.00010075871592513199,151,2,2,0.971273958137648
499,2.129780739545822,PRUNED,0:00:00.083577,0.00010709592659017364,190,2,2,0.6814040266701905
500,2.143842428922653,PRUNED,0:00:00.161314,7.614244436961049e-05,42,2,2,1.187846204342127
501,2.035597152826263,PRUNED,0:00:00.181016,8.845859837301542e-06,37,2,2,0.5863941576689352
502,2.0605093843193463,PRUNED,0:00:00.316124,4.599009837004771e-05,16,2,2,0.8384971475633101
503,9.342739933303424,PRUNED,0:00:00.261489,0.0013687543434447128,27,4,2,0.8928772877434931
504,2.095435712072584,PRUNED,0:00:00.225470,4.417128865643841e-05,28,4,2,0.9989306826214374
505,1.9646186386385271,PRUNED,0:00:01.839062,4.6888675361735255e-05,8,4,2,0.5404407471512749
506,2.0185260718519036,PRUNED,0:00:00.259277,1.9468060760187572e-05,68,2,2,0.5456111563286664
507,2.140551103112843,PRUNED,0:00:00.609713,0.0007875325850622625,7,2,2,0.5431573776692231
508,3.2127554732142016e-06,COMPLETE,0:00:28.735819,8.023449010921789e-05,4,2,2,0.5553252007229668
509,2.311942378679911,PRUNED,0:00:00.065486,8.147725962625675e-05,248,1,2,1.4215957332439224
510,2.0313320416276173,PRUNED,0:00:00.571641,5.633519549607201e-05,8,2,2,0.6526936192536332
511,2.0573059452904596,PRUNED,0:00:00.069782,5.267499175805855e-05,167,2,2,0.6311691391419507
512,2.0716463130453358,PRUNED,0:00:00.499936,7.079860769871884e-05,13,2,3,0.930369217297051
513,2444.0076890966166,PRUNED,0:00:00.462334,0.055724444508370094,13,2,3,0.5732311501458422
514,2.0327919839133677,PRUNED,0:00:00.356437,3.696765074861294e-05,21,2,3,0.6098559354792634
515,2.009317673047384,PRUNED,0:00:00.468868,3.589675907333799e-05,20,2,2,0.5732634642538534
516,2.0704621738857694,PRUNED,0:00:00.072679,7.43132838404191e-05,180,3,2,0.573703531441121
517,3.5228015349275665e-06,COMPLETE,0:00:28.711130,0.0001392385943372384,4,2,2,0.5851858652192434
518,2.47666002906044e-06,COMPLETE,0:00:27.708103,0.00014688067230854142,5,4,2,0.5964577998951553
519,2.0558620932735976,PRUNED,0:00:00.291108,0.0002099682797688928,19,2,2,0.601311334071095
520,2.3542745613282725,PRUNED,0:00:00.134211,0.00021291019681814692,49,1,2,1.0567123851160176
521,2.3881802917458117e-06,COMPLETE,0:00:28.998815,8.39062280071587e-05,4,2,2,0.5940249456229053
522,2.0859642028808594,PRUNED,0:00:00.176951,0.00014287196251370723,34,2,2,0.6591125519932441
523,2.194094804508495e-06,COMPLETE,0:00:29.335360,8.979728033243779e-05,4,2,2,0.635968703928007
524,226.53133324141143,PRUNED,0:00:01.014688,0.013646626366616798,4,2,2,1.2490288197369295
525,2.0335517096263107,PRUNED,0:00:00.283172,8.537415974803362e-05,16,2,2,0.6371790105160274
526,2.0306976945961224,PRUNED,0:00:00.213154,6.48496232757463e-05,22,2,2,0.6188702130640182
527,2.0560936802311947,PRUNED,0:00:00.112987,8.041588606267563e-05,79,4,2,0.521415430646288
528,2.156247547557277,PRUNED,0:00:01.010516,5.855804554749256e-05,4,3,2,1.4775777747216245
529,2.034312621455326,PRUNED,0:00:00.444777,9.235343305468512e-05,14,2,3,0.6002675483139589
530,2.0386268312685956,PRUNED,0:00:00.295984,5.153887285431306e-05,14,1,2,0.6788345969036753
531,2.040346449421298,PRUNED,0:00:00.209806,0.0001418803110426988,24,2,2,0.5875503633344037
532,2.001940935491079,PRUNED,0:00:00.481522,6.733950522617021e-05,18,2,2,0.5624482932026305
533,2.112340316657097,PRUNED,0:00:00.346244,1.8674702277368448e-06,12,2,2,1.0766746509091494
534,2.0366994368618934,PRUNED,0:00:00.211011,4.251568703658296e-05,26,4,2,0.6220728001994117
535,2.034884378153791,PRUNED,0:00:01.436648,7.491688373138779e-05,4,2,3,0.6413470669140516
536,6.753474771976471,PRUNED,0:00:00.091686,0.0004980486031940166,210,2,3,0.9530807443812738
537,2.0463737529866837,PRUNED,0:00:00.146510,8.842864604067117e-05,44,2,2,0.5523333037734763
538,2.0967457979283433,PRUNED,0:00:00.177391,2.6841193017306205e-05,32,3,2,1.0319612452627314
539,2.027935567356291,PRUNED,0:00:00.139249,5.425883293768495e-05,72,2,2,0.5212780490658375
540,2.137383908033371,PRUNED,0:00:00.068262,3.640792068966331e-05,195,2,2,1.1094880498567923
541,2.658973748485247,PRUNED,0:00:00.146571,0.00033515245300508924,62,2,3,0.5775680698835107
542,2.088467603088707,PRUNED,0:00:00.330133,0.00026642652113329906,16,2,2,0.5968051480454645
543,2.034870968623595,PRUNED,0:00:00.327475,0.00012592119397426753,17,2,2,0.5950289178357037
544,2.0298694170438325,PRUNED,0:00:00.223972,0.00010197827833886727,23,1,2,0.5414077610180907
545,28.839121488963855,PRUNED,0:00:00.387157,0.006255624219157326,11,1,2,0.5573455244371552
546,1.9932340067553234,PRUNED,0:00:00.972559,5.4505083039668424e-05,9,4,2,0.5609700001441783
547,2.0845446945989834,PRUNED,0:00:00.427926,5.520144704843313e-05,11,4,2,0.9843038741024221
548,4540.8397897183895,PRUNED,0:00:00.069750,0.027653360841813003,201,2,2,0.6147550522528015
549,2.1026065150896707,PRUNED,0:00:00.077277,4.540804140770367e-05,132,3,2,0.9130182786095438
550,2.038295986021266,PRUNED,0:00:00.221694,8.83685061110709e-05,22,2,2,0.651000212192731
551,15200.717852745056,PRUNED,0:00:00.256933,0.07834451314195413,20,2,2,1.0115745045499058
552,1.9964487566189333,PRUNED,0:00:00.551075,7.030910492422909e-05,17,2,2,0.5279819235834959
553,2.051467855771383,PRUNED,0:00:00.089489,6.863379930930507e-05,172,2,3,0.5203055006821933
554,2.162501871585846,PRUNED,0:00:00.120539,0.00018569060152830375,54,2,2,0.5812433151612315
555,2.0402938996519997,PRUNED,0:00:00.342211,2.080743525291661e-05,14,2,2,0.66700794237301
556,2.044325888156891,PRUNED,0:00:00.168669,3.472046295830896e-05,36,2,2,0.6762829664956892
557,2.031368059496726,PRUNED,0:00:00.404046,9.286313752955852e-05,12,2,2,0.6137880169538126
558,7884.14642391755,PRUNED,0:00:00.099622,0.03569479591648896,116,2,3,0.6199369116401335
559,2.03185750246048,PRUNED,0:00:00.200836,1.4905284935841854e-05,30,2,2,0.5868820354176676
560,2.1136874556541443,PRUNED,0:00:00.073866,9.718172414098156e-05,187,4,2,0.6087850306846637
561,2.0448205439667952,PRUNED,0:00:00.150928,4.4071770046697684e-05,40,2,2,0.6412914655433216
562,2.0298028703658813,PRUNED,0:00:00.534171,4.16127748747448e-05,8,2,2,0.6409703808258932
563,2.1707160308443267,PRUNED,0:00:00.206414,0.00014012880218927993,26,3,2,1.048482113804697
564,2.0121696801252766,PRUNED,0:00:01.656921,5.113333023805096e-06,7,2,3,0.5433858369252194
565,2.0099113691283996,PRUNED,0:00:00.725458,7.689133480327676e-06,18,2,3,0.5014906513362596
566,2.0170839358401556,PRUNED,0:00:01.035006,5.1483389799015255e-06,8,2,2,0.5432630514961467
567,2.0471113486723467,PRUNED,0:00:00.088248,5.778345881456194e-05,146,1,2,0.5658845752343982
568,2.0054826048058523,PRUNED,0:00:00.475036,5.4440100432135455e-05,21,1,2,0.5670387674589228
569,2.0689628985193043,PRUNED,0:00:00.111309,8.109402891353891e-05,85,4,2,0.5837950792859429
570,2.0979682207107544,PRUNED,0:00:00.088010,0.00012356547261963078,163,2,2,0.5650673119919541
571,2.028489707147374,PRUNED,0:00:00.272348,3.04145342841804e-05,22,2,2,0.5980734732449376
572,2.028667169232522,PRUNED,0:00:00.224117,7.37453044712341e-05,24,2,2,0.5939176034199065
573,2.0448618002026993,PRUNED,0:00:00.330161,3.339672280522559e-05,14,2,2,0.7106795346308669
574,2.0434360281329287,PRUNED,0:00:00.349220,3.071867651818741e-05,14,2,2,0.6985444571500083
575,2.0700236522790156,PRUNED,0:00:00.153121,0.00010200380284942497,46,4,2,0.6297370437640497
576,2.04433607498062,PRUNED,0:00:00.513308,7.020473898478552e-05,14,2,3,0.7037034193490517
577,2.474552971976144,PRUNED,0:00:00.091379,0.00017038544369789698,214,3,3,0.8771785260160754
578,2.0283611164643216,PRUNED,0:00:00.310818,7.299277055294111e-05,29,3,3,0.51615102786282
579,9.609002776767896,PRUNED,0:00:00.115099,0.0018914700724969884,67,2,2,0.5384944066821278
580,2.074890971183777,PRUNED,0:00:00.192408,6.887307356327295e-05,28,2,2,0.8283174540344064
581,2.0558700669895518,PRUNED,0:00:00.092547,4.968758556763711e-05,137,2,2,0.6603946809826529
582,2.0681192193712508,PRUNED,0:00:00.076833,4.8315453795125664e-05,226,2,2,0.6558718733300924
583,2.0478584262040944,PRUNED,0:00:00.150550,4.835945595123748e-05,59,4,2,0.612625880596833
584,2.0601004362106323,PRUNED,0:00:00.130752,8.715062990734538e-05,58,2,2,0.6140795774709223
585,2.144018095659922,PRUNED,0:00:00.316206,0.0003556226852541686,18,4,2,0.5876029605548759
586,2.3636979223733925,PRUNED,0:00:00.274247,0.0006340106974268795,18,2,2,0.5771413370952931
587,2.7250428047409514e-06,COMPLETE,0:00:28.602793,0.00010808796742977267,4,2,2,0.5791555894510338
588,2.691165483173202,PRUNED,0:00:00.532837,0.0006208882220789818,11,2,2,0.9489006269773682
589,2.079073761933602,PRUNED,0:00:00.406567,0.00011476354340291246,10,1,2,0.9447695689047126
590,2.094693164671621,PRUNED,0:00:00.393004,5.9587209758204625e-05,12,2,2,1.0850281832973232
591,2.203854745666453,PRUNED,0:00:00.865704,0.0009933524716463885,5,2,2,0.558947469708331
592,2.1501100886435736,PRUNED,0:00:00.156717,8.726202692517501e-05,36,2,2,1.2039419416310377
593,2.0003392439854295,PRUNED,0:00:00.694758,5.9864208107542485e-05,19,2,3,0.5015269637832459
594,2.093202254464549,PRUNED,0:00:00.294928,4.2928233195384294e-05,24,2,3,1.0253765722256947
595,2.0711628876386152,PRUNED,0:00:01.096491,0.00045114903491141087,4,2,2,0.9918817375493635
596,302.10574908503173,PRUNED,0:00:00.128387,0.009364794767184005,52,2,2,0.631472956558114
597,2.176943749189377,PRUNED,0:00:00.076608,0.00010939019651958577,206,4,2,0.7370466543586001
598,2.105515130541541,PRUNED,0:00:00.286772,0.00014115389871484666,17,2,2,0.9906353354808389
599,2.0443436758858815,PRUNED,0:00:00.123620,8.40511673093392e-05,74,3,2,0.5386276142231412
600,1.0294782810954637,PRUNED,0:00:17.870812,3.933771186830541e-05,4,2,2,0.5975983688266867
601,2.003515766823993,PRUNED,0:00:00.777111,4.0011183460276586e-05,11,1,2,0.5986100112719299
602,2.041348123550415,PRUNED,0:00:00.078929,2.664150713295402e-06,155,2,2,0.552490096513134
603,728.1457377931346,PRUNED,0:00:00.207739,0.02024332071832737,33,2,2,0.5766038875304865
604,2.0343229452768963,PRUNED,0:00:00.214708,6.046767046134935e-05,25,2,2,0.6430989154372705
605,2.0090454850241404,PRUNED,0:00:00.868118,1.167062360284766e-05,14,2,3,0.5309117222790286
606,2.1422393623987834,PRUNED,0:00:00.257645,1.216972618601378e-06,20,4,2,1.2411692392789977
607,2.16298951043023,PRUNED,0:00:00.071039,8.184835947843888e-05,182,2,2,1.0609697909009492
608,2.0306932663917543,PRUNED,0:00:00.336208,5.539754326975317e-05,15,2,2,0.6280827336273858
609,2.0439039641811,PRUNED,0:00:00.544806,0.00024135660032029312,8,2,2,0.6061712642356717
610,4.123320650251117e-06,COMPLETE,0:00:34.753474,0.00010676814676767366,4,1,3,0.5206590988172399
611,2.0912490950690374,PRUNED,0:00:00.191742,0.00010557874997451646,42,2,3,0.5850256181097011
612,2.0027580169531016,PRUNED,0:00:00.411636,3.987663303831883e-05,23,2,2,0.5155361557739935
613,1.9982487599054972,PRUNED,0:00:00.510966,6.429155678929341e-05,20,3,2,0.5186101876440184
614,2.0342091818650565,PRUNED,0:00:00.076983,3.7222638200571027e-06,124,1,2,0.5617792888345072
615,2.185439348220825,PRUNED,0:00:00.064637,6.46292643990718e-05,221,3,2,1.1659067529805824
616,2.0668650916827622,PRUNED,0:00:00.389380,5.107769240149922e-05,16,2,3,0.8988126123008089
617,2.0345483596126237,PRUNED,0:00:00.249226,2.662837861196179e-05,31,2,3,0.6213278218138449
618,2.1417592465877533,PRUNED,0:00:00.093047,0.000102756777301928,93,2,2,0.8996307807621212
619,2.081880529721578,PRUNED,0:00:00.082264,2.29051084715177e-05,175,2,2,0.7648904555439517
620,2.066527181201511,PRUNED,0:00:00.077072,2.298557974942625e-05,175,2,2,0.6786251152002774
621,2.031956663867771,PRUNED,0:00:00.457674,7.822325651264676e-05,10,4,2,0.6445502778577573
622,1.4809571072559229,PRUNED,0:00:02.784454,7.572914293328869e-05,10,4,2,0.5373815068939057
623,3.6892133721266873e-06,COMPLETE,0:00:11.267321,0.00018839334173230868,10,1,2,0.5392950317057145
624,2.1509009122848513,PRUNED,0:00:00.086137,0.00017552781865697414,102,1,2,0.5366986702633705
625,2.0882784003211605,PRUNED,0:00:00.343101,3.8096224793347107e-05,12,2,2,1.0382838831014038
626,2.0305077216335548,PRUNED,0:00:00.328537,3.852484343654386e-05,14,2,2,0.6121133373118979
627,2.0648813305362577,PRUNED,0:00:00.213239,5.053845214589244e-05,24,2,2,0.850132241630009
628,2.2303075316131755,PRUNED,0:00:00.389093,0.0002794282255721667,16,2,3,0.969767542953514
629,2.1245120048522947,PRUNED,0:00:00.155960,6.643518293404173e-05,50,2,3,0.9259212454478984
630,1.8898366905120483,PRUNED,0:00:01.066322,0.00010699993552406633,18,4,2,0.5000717138095537
631,2.1360684037208557,PRUNED,0:00:00.071245,0.00011877092346323618,192,4,2,0.5573173767458872
632,2.042139576828998,PRUNED,0:00:00.123671,5.372644871235653e-05,65,4,2,0.5638085920634047
633,20791.016421253033,PRUNED,0:00:00.077922,0.04590067295265948,143,3,2,1.013103111566843
634,2.0284610241651535,PRUNED,0:00:00.112480,5.475343420353826e-05,63,1,2,0.5785978048976353
635,2.039734156926473,PRUNED,0:00:00.244804,7.091004095854401e-05,20,1,2,0.6633079821700529
636,2.0404037504360595,PRUNED,0:00:00.202059,6.847782476054992e-05,26,2,2,0.6643319415546131
637,2.1354170611926486,PRUNED,0:00:00.199180,9.275993686180592e-05,27,2,2,1.2739021853506034
638,2.5564813768141903e-06,COMPLETE,0:00:11.258528,9.759106296672958e-05,11,2,2,0.5301164482773177
639,91.67544691834674,PRUNED,0:00:00.410809,0.011991067390446822,10,2,2,0.5338686400563624
640,2.010157181370643,PRUNED,0:00:00.976179,4.355608466726918e-05,12,2,3,0.6071610423658105
641,2.068203639984131,PRUNED,0:00:00.087439,4.486915382411589e-05,159,2,3,0.606714536891852
642,2.123768302798271,PRUNED,0:00:00.156781,6.26155693259541e-05,38,2,2,1.1039871433312127
643,2.029262030684708,PRUNED,0:00:00.416030,3.307097733115603e-05,10,2,2,0.6225618270270223
644,2.0441531777381896,PRUNED,0:00:00.076900,3.238059686641205e-05,149,2,2,0.622194481783507
645,2.0813802049515093,PRUNED,0:00:00.173542,0.000194702274462812,32,2,2,0.5750055835170871
646,2.099304085192473,PRUNED,0:00:00.489225,4.9889949689353575e-05,13,2,3,1.1490637006747944
647,2.053261677424113,PRUNED,0:00:00.083208,4.9518376177697935e-05,169,2,3,0.5998244324183478
648,2.0725069853567306,PRUNED,0:00:00.302765,0.00012602066633636086,16,3,2,0.8046307015471446
649,2.0717980333521395,PRUNED,0:00:00.269805,2.0300833445985973e-06,19,3,2,0.8125996921340753
650,4811.435701964696,PRUNED,0:00:00.252941,0.06714522695877323,20,2,2,0.5723727485030408
651,2.0275049192804686,PRUNED,0:00:00.248550,6.619135061711164e-06,21,2,2,0.547040028502201
652,1.9988856278933012,PRUNED,0:00:00.393450,9.397872341515334e-05,23,2,2,0.5520040316034934
653,2.0975654510351327,PRUNED,0:00:00.237564,0.0003427193300645528,23,2,2,0.516576798743625
654,2.072219399844899,PRUNED,0:00:00.140219,9.172521788354815e-05,45,2,2,0.6418695003167899
655,2.168203654197546,PRUNED,0:00:00.183531,0.00033741001459065633,29,2,2,0.515874540637408
656,27.605364053159633,PRUNED,0:00:00.528908,0.003668193160044652,8,2,2,1.3554228041042151
657,2.085214945577806,PRUNED,0:00:00.496483,6.39233985405646e-05,8,1,2,1.0764680162681544
658,2.0605298280715942,PRUNED,0:00:00.074168,6.527529290239369e-05,200,1,2,0.572509451396347
659,2.0943028132120767,PRUNED,0:00:00.511065,7.607635254741923e-05,8,2,2,1.0712504553633055
660,50.381376371383666,PRUNED,0:00:00.309402,0.007319602368767618,15,2,2,0.5913527068116355
661,2.0913354575634004,PRUNED,0:00:00.095974,0.0001263203827437839,77,2,2,0.5910292600383799
662,2.033807588815689,PRUNED,0:00:00.306498,1.752676515570088e-05,15,2,2,0.6272700655767043
663,2.038423851728439,PRUNED,0:00:00.427729,8.297056462065431e-05,15,2,3,0.6360672542837839
664,2.0387510573752574,PRUNED,0:00:00.699986,5.639078144859879e-05,14,4,3,0.6398971839525988
665,3.180317821956816,PRUNED,0:00:00.282112,0.00047060344210768016,36,4,3,0.6492629096908518
666,2.5233205291959973,PRUNED,0:00:00.218060,0.0004576215974102809,28,4,2,0.5337725854070146
667,2.0392140490668162,PRUNED,0:00:00.184130,0.00010818665274077991,36,4,2,0.5330281299730318
668,2.004289134190633,PRUNED,0:00:00.349027,5.780350777247179e-05,29,2,2,0.532751216807705
669,1935.8261047431401,PRUNED,0:00:00.075483,0.017611068437557307,232,3,2,0.5637107175379921
670,2.1140189435746937,PRUNED,0:00:00.132249,5.528928257021503e-05,56,3,2,1.0458314246527332
671,2.042648099086903,PRUNED,0:00:00.122217,5.785720956421062e-05,56,2,2,0.6134815711660053
672,3.479447927526248,PRUNED,0:00:00.305154,0.0012482305854056317,16,2,2,0.6107031696460213
673,2.0553798973560333,PRUNED,0:00:00.091323,7.442611265350054e-05,130,2,2,0.6130115238021915
674,16.27896124124527,PRUNED,0:00:00.091427,0.0023205656284834794,133,2,2,0.5011317543306876
675,2.065329892725884,PRUNED,0:00:00.265737,0.00025734705386825003,19,2,2,0.5615570605407785
676,2.0404381926854454,PRUNED,0:00:00.287912,4.411930574248157e-05,20,2,2,0.6844781779433606
677,2.059690679175944,PRUNED,0:00:00.279329,0.00024748183682120865,19,2,2,0.5543909555033313
678,2.0601235580444337,PRUNED,0:00:00.243149,0.00016293591870227025,20,2,2,0.6862420067515446
679,2.0604634284973145,PRUNED,0:00:00.225879,0.00015641798207614418,23,2,2,0.6903987478406874
680,2.1545345726467313,PRUNED,0:00:00.119129,8.681763827151922e-05,71,1,3,0.9697965667051708
681,89122.40527269024,PRUNED,0:00:00.513389,0.09941895285589905,10,1,3,0.5813933718883163
682,0.9878120142293264,PRUNED,0:00:09.958299,9.557210411174148e-05,9,1,3,0.5811607372812397
683,7190.219352098919,PRUNED,0:00:00.416784,0.09420019489637659,10,2,2,0.5795937359896663
684,2.1169848980673827,PRUNED,0:00:00.483713,0.00010553226273454071,9,2,2,1.1234171363070597
685,2.075645554065704,PRUNED,0:00:00.134800,0.00010350558221641422,50,2,2,0.5818061276087432
686,2.213781714439392,PRUNED,0:00:00.075703,0.00010571221812085336,186,2,2,1.0143392815626933
687,2.115006470017963,PRUNED,0:00:00.144640,1.328151444262493e-05,42,2,2,1.127152926522096
688,2.0315360682351247,PRUNED,0:00:00.155129,7.135563737231889e-05,43,2,2,0.5175368709497901
689,2.034991210157221,PRUNED,0:00:00.093432,3.765519657065351e-05,140,3,2,0.5478854028611907
690,2.0781065358055963,PRUNED,0:00:00.076416,7.304923404591002e-05,166,2,2,0.6517562623573565
691,2.0688086489836377,PRUNED,0:00:00.216427,7.407303758919478e-05,25,2,2,0.8751373919365893
692,2.069530934930962,PRUNED,0:00:00.456949,9.315731924494664e-06,14,2,3,0.8789075683694249
693,2.0400338172912598,PRUNED,0:00:00.078695,2.8563270119701726e-05,212,2,3,0.5994710385435098
694,2.0323857430900847,PRUNED,0:00:00.189093,4.642549269101815e-05,27,2,2,0.622451914554725
695,310.7152365345821,PRUNED,0:00:00.366301,0.026136614926008755,14,4,2,0.7216521618457146
696,1.996928204999906,PRUNED,0:00:00.671980,4.8869589037539125e-05,14,4,2,0.5434281004913842
697,1.9982812298882393,PRUNED,0:00:00.756929,5.065592010433328e-05,12,4,2,0.5509759108600751
698,1.997933809389204,PRUNED,0:00:00.847742,4.781594711223167e-05,10,2,2,0.5587301417934745
699,2.174184911353614,PRUNED,0:00:00.501165,0.0007541142248636002,8,2,2,0.5644577670304877
700,2.033540907085583,PRUNED,0:00:00.492441,8.160056584248634e-05,8,2,2,0.6565990365394273
701,2.0591317330087935,PRUNED,0:00:00.090252,8.478689160490114e-05,108,2,2,0.5204399214456643
702,2.0008638948202133,PRUNED,0:00:00.335398,6.334831803202886e-05,31,1,2,0.5011218193260352
703,2.1670502722263336,PRUNED,0:00:00.067908,0.00013475171743616433,205,1,2,0.6002491815171169
704,2.129611219678606,PRUNED,0:00:00.077190,3.510667366237339e-05,243,2,3,0.6571998642151903
705,2.2643505417363485e-06,COMPLETE,0:00:27.957583,6.191909924935223e-05,4,2,2,0.5007288437793607
706,2.0387076164813753,PRUNED,0:00:00.179846,5.71110489705032e-05,32,3,2,0.6318290157144262
707,2.0343367952898324,PRUNED,0:00:00.294934,6.247133943184132e-05,18,3,2,0.6249541957439678
708,1377.0992423853565,PRUNED,0:00:00.936725,0.037399609878723386,4,2,2,0.9340604291481341
709,2.1737515156085676,PRUNED,0:00:00.294907,0.0001264376604801793,23,2,3,1.0032844981460773
710,2.027712347832593,PRUNED,0:00:00.282283,9.69379929191804e-05,17,2,2,0.5810805172783753
711,2.093776632875404,PRUNED,0:00:00.812447,0.00021312131548038979,5,2,2,1.0330456437693003
712,2.091447066876196,PRUNED,0:00:00.207442,3.8803131483256616e-05,24,2,2,1.03350828495352
713,2.0589317321777343,PRUNED,0:00:00.072835,7.005806703199721e-05,151,2,2,0.5994289893120146
714,2.4419988707492224,PRUNED,0:00:00.115137,9.394981404388523e-05,82,2,3,1.302508265013271
715,2.1957081258296967,PRUNED,0:00:00.070179,0.00018375173384644627,196,2,2,0.5284567499005276
716,2.307386466782191e-06,COMPLETE,0:00:27.946154,6.25738066344258e-05,4,2,2,0.5901222434189934
717,2.0671662641608197,PRUNED,0:00:00.341018,1.4962031601582217e-06,13,2,2,0.7783076580225285
718,2.0323687108357746,PRUNED,0:00:00.267104,6.34066662511828e-05,20,4,2,0.571595315077408
719,2.042737146218618,PRUNED,0:00:00.113409,4.527014324128126e-05,63,2,2,0.6188694637048078
720,2.0357404178188694,PRUNED,0:00:00.135207,2.8359878747639478e-05,48,2,2,0.5904038313878979
721,1.9957822398705916,PRUNED,0:00:00.757637,8.57650915156377e-05,17,2,3,0.5001407505380571
722,2.092926013469696,PRUNED,0:00:00.083845,3.6343221303978477e-06,157,2,3,0.8380521875429009
723,2.095034715949848,PRUNED,0:00:00.284056,8.351875338173984e-05,16,2,2,1.0587763196107793
724,2.120105211551373,PRUNED,0:00:00.079212,0.0001237057777014807,121,2,2,0.6390487685720421
725,2.029529604219621,PRUNED,0:00:00.208475,5.911574825011377e-05,24,2,2,0.6033345049092682
726,2.030277681621638,PRUNED,0:00:00.296704,7.075620235748779e-05,17,4,2,0.5727109026745321
727,2.102339968085289,PRUNED,0:00:00.456531,3.95224879589408e-05,11,4,2,1.0999149447331078
728,2.1519341809409007,PRUNED,0:00:00.063913,4.089760078858211e-05,219,3,2,1.1862300835703343
729,2.2744641228200635e-06,COMPLETE,0:00:27.431194,5.2828994231317145e-05,4,2,2,0.5168083516487636
730,2.042515916400589e-06,COMPLETE,0:00:29.370195,5.6896264991371374e-05,4,2,2,0.5535349893047473
731,154.8527206579844,PRUNED,0:00:00.068917,0.005378342407848202,181,2,2,0.5907593267959731
732,2.028827622372617,PRUNED,0:00:00.945922,5.6646579995967506e-05,4,2,2,0.6673896712830838
733,8925.905946810331,PRUNED,0:00:00.256238,0.05572514251360763,27,2,3,0.5545285978478076
734,2.0386310295319894,PRUNED,0:00:00.213087,5.354017292878064e-05,21,1,2,0.6675126080380663
735,2.1576606480971625,PRUNED,0:00:00.332078,0.00038234530456273107,13,2,2,0.6143163172682705
736,2.0520461002985635,PRUNED,0:00:00.151100,6.979988298181126e-05,39,2,2,0.6357715398959102
737,2.0409646156506662,PRUNED,0:00:00.152664,2.0801172515854507e-05,39,2,2,0.6312264665692164
738,2.0388230643373855,PRUNED,0:00:00.234383,1.0034996377096502e-06,32,2,3,0.5257543613999428
739,2.042988419532776,PRUNED,0:00:00.115880,3.167361846861407e-05,163,4,3,0.5486738653286118
740,2.0874427980687247,PRUNED,0:00:00.486631,8.186587436015142e-05,9,3,2,0.9556379706722261
741,2.0316402469911883,PRUNED,0:00:00.528318,0.00014206178715086748,8,3,2,0.60578624291649
742,2.1419776493394878,PRUNED,0:00:00.228272,0.00014384796405784357,21,2,2,1.2091143017921335
743,2.047186513157452,PRUNED,0:00:00.223418,5.3433084295335694e-05,22,2,2,0.7398418548837381
744,2.0815387557853353,PRUNED,0:00:00.310463,4.696709975669163e-05,17,2,2,0.9820174376941847
745,2.1038852100786953,PRUNED,0:00:00.107958,6.957575634253127e-05,67,2,2,0.9879311943628186
746,2.0778189833446215,PRUNED,0:00:00.360322,0.0001012055186244636,16,2,2,0.9139639847830214
747,2.0290872471354833,PRUNED,0:00:00.337571,0.00011315577125393147,14,1,2,0.5620953361919095
748,2.031977485727381,PRUNED,0:00:00.184868,8.122765703380537e-05,28,1,2,0.5713431907833301
749,2.0284458292382106,PRUNED,0:00:00.200765,7.663559418614697e-05,27,2,2,0.5843873585775248
750,3.86497137464326,PRUNED,0:00:00.222877,0.0005415420559382649,53,4,3,0.5235734894899798
751,2.000868093967438,PRUNED,0:00:00.389832,6.281563599137865e-05,25,2,2,0.5196969968029012
752,2.08687169276751,PRUNED,0:00:00.257207,4.4991550286978985e-05,59,4,2,0.8616900056842081
753,2.048226937651634,PRUNED,0:00:00.080520,3.664276911506255e-05,191,2,2,0.6141828826932211
754,2.4453519847657947,PRUNED,0:00:00.098824,0.0003008820115015388,87,2,2,0.6453771401740958
755,2.0708370076285467,PRUNED,0:00:00.073558,6.158819059340413e-05,171,2,2,0.6470716835253241
756,1.996075819886249,PRUNED,0:00:00.639318,6.078341425198649e-05,13,2,2,0.5431143513180704
757,1.994878379567977,PRUNED,0:00:00.709389,6.152118299958425e-05,12,2,2,0.5491367351708638
758,2.0068644619433678,PRUNED,0:00:00.619312,2.6917069518300062e-05,14,2,2,0.5475779002157861
759,10.84254468571056,PRUNED,0:00:00.080033,0.0015609696165058255,144,2,2,0.5982240242661824
760,2.0287504377244394,PRUNED,0:00:00.255326,4.8882313986445226e-05,19,2,2,0.6027350057465211
761,2.02637045485999,PRUNED,0:00:00.731859,5.000967606226374e-05,8,2,3,0.6193811601592264
762,2.034543048251759,PRUNED,0:00:00.224449,1.634233713851502e-05,34,2,3,0.5977242875717734
763,1157.167525508187,PRUNED,0:00:00.099108,0.013258803846693118,137,3,3,0.6290690864903355
764,2.029350162193339,PRUNED,0:00:00.501106,0.00011216986768678567,8,2,2,0.6204779264398755
765,2.094118050349656,PRUNED,0:00:00.499776,0.00011995927249510932,8,2,2,1.0146867516278417
766,2.0056633462188063,PRUNED,0:00:01.880098,6.472907104038767e-06,4,2,2,0.5009417213679355
767,2.0338719018300373,PRUNED,0:00:00.278049,8.15981733840228e-05,20,4,2,0.5643152841736847
768,2.013884202639262,PRUNED,0:00:00.618178,7.969897494067449e-06,20,4,2,0.517949668594943
769,2.0966058897684854,PRUNED,0:00:00.261965,3.8468734418263324e-05,18,2,2,1.0885241666349357
770,2.0161525351660594,PRUNED,0:00:00.182640,8.054032913597931e-06,73,2,2,0.5007969043835514
771,2.034909357627233,PRUNED,0:00:00.083570,7.492985293527413e-05,128,2,2,0.5013849243784867
772,3.538915279932553e-06,COMPLETE,0:00:29.706174,7.289053544359405e-05,4,3,2,0.5804995674315184
773,2.0300241605988862,PRUNED,0:00:00.193296,9.22285855024595e-05,26,2,2,0.5723195540119208
774,2.0872489454284793,PRUNED,0:00:00.934655,0.00017011865410488942,4,2,2,1.0448719899097294
775,2.0913274215615316,PRUNED,0:00:00.344485,3.19635221283436e-05,13,2,2,1.0458440089055154
776,2.03617726823558,PRUNED,0:00:00.356604,7.063132855109121e-05,13,3,2,0.6638923895873394
777,2.0469907112419605,PRUNED,0:00:00.134075,7.295855918779469e-05,47,3,2,0.5904691013536987
778,2.036434295329642,PRUNED,0:00:00.185856,4.230885217732508e-06,32,4,2,0.5842986219995251
779,2.052626831190927,PRUNED,0:00:00.098074,4.824314180720498e-05,237,4,3,0.5447243421358672
780,2.0314950311885163,PRUNED,0:00:00.231183,5.60524906111983e-05,22,2,2,0.6281716816038361
781,2.037962511869577,PRUNED,0:00:00.216973,1.141094767875595e-05,23,2,2,0.6294231880760226
782,678.5044910907745,PRUNED,0:00:00.071759,0.009553425511495657,202,1,2,0.5624499006289359
783,2.005747678604993,PRUNED,0:00:00.533148,4.1516413880706766e-05,17,2,2,0.5622849262698238
784,2.0190975114863408,PRUNED,0:00:00.768751,2.7135000727309862e-06,16,2,3,0.5289560218074524
785,2.1855442921320596,PRUNED,0:00:00.072629,9.055075439693562e-05,254,2,3,0.7537290715677468
786,2.0366069293231703e-06,COMPLETE,0:00:09.454975,0.00013529180451964183,13,2,2,0.5283391470132573
787,2.1568054812295094,PRUNED,0:00:00.064178,0.0001324233946120918,215,2,2,0.610238160312802
788,2.2116561003269686,PRUNED,0:00:00.355010,0.00023937076963511446,12,2,2,1.1601763150353368
789,2.04109493127236,PRUNED,0:00:00.180906,5.7084527974571605e-05,29,2,2,0.6513465335774925
790,2.0410272506150333,PRUNED,0:00:00.272159,9.090776057058203e-05,17,2,2,0.6754499720902917
791,2.065224530876324,PRUNED,0:00:00.483915,7.093658346129542e-05,8,1,2,0.9314729707748344
792,2.02964015517916,PRUNED,0:00:00.083815,4.116027178359433e-05,112,2,2,0.5348970401900552
793,2.0279349088668823,PRUNED,0:00:00.207541,2.5225650509640288e-05,24,2,2,0.5809475120013524
794,2.100069446223123,PRUNED,0:00:00.153314,0.00011032005978862736,36,2,2,0.8250230797312363
795,2.0636180468967984,PRUNED,0:00:00.067280,5.934047459659662e-05,224,2,2,0.5997484365800866
796,19.32024784521623,PRUNED,0:00:00.117833,0.0009042699543373528,148,4,3,0.9642555506319127
797,2.079434263706207,PRUNED,0:00:00.074002,7.965317900611174e-05,155,2,2,0.6144238518883198
798,2.0927953768161034,PRUNED,0:00:00.363512,4.8199355664727464e-05,12,3,2,1.0638098431012795
799,2.0395479599634805,PRUNED,0:00:00.069986,3.509155389088776e-05,178,2,2,0.582369032361202
800,156.36001601462723,PRUNED,0:00:00.953466,0.021158993112617024,4,2,2,0.5476534248199664
801,10181.456595632764,PRUNED,0:00:00.069917,0.032007475272999866,185,2,2,0.8994403171212725
802,25.112322189721716,PRUNED,0:00:00.352349,0.0033346803731558405,18,2,3,0.5687212410051541
803,2.170076746133066,PRUNED,0:00:00.340063,0.0004042902799297872,12,1,2,0.6422287204991973
804,2.058307631449266,PRUNED,0:00:00.117366,6.580845169713184e-05,68,4,2,0.6030057640211635
805,1877.3034649658202,PRUNED,0:00:00.113756,0.015948234595987404,60,2,2,1.2339701168133013
806,2.207813087631674,PRUNED,0:00:00.223206,0.00030808690857275686,22,2,2,1.014419551327301
807,2.0931244203022548,PRUNED,0:00:00.136417,0.00016297527613767083,43,2,2,0.538341077916664
808,2.0670717298984527,PRUNED,0:00:00.101277,8.987588389794234e-05,78,2,2,0.5841084725264273
809,2.0384181561886066,PRUNED,0:00:00.410831,4.6420581925406035e-05,10,2,2,0.6985764416784762
810,2.0347153909744753,PRUNED,0:00:00.289690,5.844589271307558e-05,16,3,2,0.6270488451575923
811,2.02923446893692,PRUNED,0:00:00.376577,7.448723462973974e-05,26,4,3,0.5193354533721951
812,2.0606854910491617,PRUNED,0:00:00.506262,0.00013043079696951613,8,2,2,0.7934147830489411
813,2.0413752446571984,PRUNED,0:00:00.167758,5.197521041016254e-05,31,2,2,0.6486947448062423
814,2.0398476123809814,PRUNED,0:00:00.120264,3.42885367321712e-05,53,2,2,0.559965446303874
815,2.0777654349803925,PRUNED,0:00:00.069326,9.177550232582474e-05,208,2,2,0.5956257938672299
816,2.0301842422128837,PRUNED,0:00:00.323487,6.688138641174022e-05,14,2,2,0.6138344712247334
817,2.0076468217221994,PRUNED,0:00:00.665299,4.480426964226148e-05,19,2,3,0.554410994836811
818,2.0396343634678766,PRUNED,0:00:00.216501,7.986539308763812e-05,23,2,2,0.667808974883317
819,2.026351241462202,PRUNED,0:00:00.506599,0.00011257095529745639,9,4,2,0.5746485991219846
820,2.00894534075132,PRUNED,0:00:00.539191,1.9350467124993776e-05,16,2,2,0.5366821250724937
821,7.416636653921821,PRUNED,0:00:00.283017,0.002115614141767724,17,3,2,0.9992938037687852
822,2.034731313586235,PRUNED,0:00:00.188168,6.0685218897008524e-05,27,1,2,0.60545009828435
823,91.97485892261777,PRUNED,0:00:00.224372,0.006565342833440025,27,1,3,0.5962324720362921
824,2.0818818696339925,PRUNED,0:00:00.327128,7.244277068939514e-05,20,2,3,0.8577590968237736
825,5.115119993686676,PRUNED,0:00:00.070905,0.0006208144113103704,195,2,2,0.7189253822726511
826,2.066882514953613,PRUNED,0:00:00.072444,6.980185358760353e-05,163,2,2,0.639900071641047
827,2.051363850214395,PRUNED,0:00:00.447154,0.00022384223425825765,9,2,2,0.5667654160915878
828,2.029421538435003,PRUNED,0:00:00.563687,5.0827739739177275e-05,8,4,2,0.6278528749629431
829,2.043161088420499,PRUNED,0:00:00.133881,5.007377599074565e-05,48,4,2,0.6135982047526436
830,2.0349304378032684,PRUNED,0:00:00.162958,0.00010068327586574228,34,2,2,0.5157435259811105
831,2.1319412974750294,PRUNED,0:00:00.231564,9.356531077931788e-05,22,3,2,1.145269489868875
832,2.027565365837466,PRUNED,0:00:00.368115,3.012842554194527e-05,12,3,2,0.5810782674865408
833,2.033751230973464,PRUNED,0:00:00.260337,2.9722279486167744e-05,39,2,2,0.5835512005257575
834,2.0061301390329995,PRUNED,0:00:00.741586,4.2072328884327954e-05,16,2,3,0.5481485735011231
835,1.0969215818150069,PRUNED,0:00:16.364327,4.240022100466528e-05,4,2,3,0.542618572402231
836,2.094665005642881,PRUNED,0:00:00.927611,0.0001777128633378081,4,2,2,1.088140145795629
837,2.0585123524069786,PRUNED,0:00:00.088764,6.050265187227885e-05,95,2,2,0.6563766073472664
838,2.093407341708308,PRUNED,0:00:00.327447,1.614360581003724e-06,13,2,2,0.9488809364035202
839,2.03224700773266,PRUNED,0:00:00.230875,8.209135230290096e-05,21,2,2,0.6231030749534524
840,25645.261243809353,PRUNED,0:00:00.089306,0.06505087911796799,138,2,3,0.5554872380136767
841,1.9935602380568722,PRUNED,0:00:00.869914,4.026562227446037e-05,9,2,2,0.5148522083056557
842,2.2176591337368055,PRUNED,0:00:00.269228,0.0004675930624862056,16,1,2,0.919991326627021
843,2.032008872878167,PRUNED,0:00:00.225246,5.8911599304065676e-05,24,4,2,0.5993979745969258
844,2.1751058782849992,PRUNED,0:00:00.065230,0.00013144027758264066,228,2,2,0.6470524243246397
845,2.0714443259769015,PRUNED,0:00:00.070982,8.208889601627216e-05,168,2,2,0.5712473624983565
846,2.0430759390195212,PRUNED,0:00:00.145740,6.704228317590571e-05,62,2,3,0.5434596960709218
847,52.08702536729666,PRUNED,0:00:00.240558,0.004642608497644555,29,2,3,0.5418420894098799
848,2.1062339679054594,PRUNED,0:00:00.338573,0.00011197944190957718,13,2,2,1.06491864022148
849,2.1360452973073527,PRUNED,0:00:00.343491,1.3396772285955108e-05,12,2,2,1.329211711783326
850,2.1280999264933844,PRUNED,0:00:00.272177,1.374906458445987e-05,17,2,2,1.266858967271726
851,2.0976320127897625,PRUNED,0:00:00.262722,4.944224092360027e-05,19,3,2,1.0313487313825271
852,18190.43426469394,PRUNED,0:00:00.128846,0.043124147382913244,54,4,2,1.0231432969284564
853,2.0405035866312233,PRUNED,0:00:00.495624,3.6549721883075355e-05,9,4,2,0.6796379182484168
854,2.036215951365809,PRUNED,0:00:00.497818,3.781633833673037e-05,8,2,2,0.6860882124340226
855,2.780307173728943,PRUNED,0:00:00.069552,0.000311841808878456,189,2,2,0.7690885369621752
856,2.2076590061187744,PRUNED,0:00:00.074351,9.28008295649991e-05,153,2,2,1.1091106159771027
857,2.026729306753944,PRUNED,0:00:00.153617,2.3438020760772656e-05,45,1,3,0.6115913395318205
858,2.0296951147817794,PRUNED,0:00:00.242504,2.3002929237272586e-05,24,1,3,0.6153375750483475
859,4.064298245214647,PRUNED,0:00:00.211810,0.0011111998482507743,24,2,2,0.8862577091918069
860,2.1142513311826265,PRUNED,0:00:00.219539,7.907703419922324e-05,23,2,2,1.1802012401512125
861,2.0362902907438056,PRUNED,0:00:00.163341,7.523571486781908e-05,35,2,2,0.5632667174841542
862,2.0258930722872415,PRUNED,0:00:00.178377,7.55747320575369e-05,31,2,2,0.524421758750918
863,2.113264110353258,PRUNED,0:00:00.074429,0.00010157548759322373,174,2,2,0.6352225482059178
864,2.038056241141425,PRUNED,0:00:00.070694,2.089773456372594e-06,174,2,2,0.5237907524915912
865,2.0303479217621216,PRUNED,0:00:00.291390,4.5144720772797146e-05,18,4,2,0.5890880522402504
866,2.202912308953025,PRUNED,0:00:00.085399,0.00015042740787324458,145,4,2,0.5910447415779871
867,2.028543546229978,PRUNED,0:00:00.259965,4.986139371492831e-05,19,3,2,0.5721254420973894
868,1.998843294641246,PRUNED,0:00:01.062429,5.5198180307582005e-05,13,3,3,0.5646430053723397
869,2.109190821647644,PRUNED,0:00:00.127059,6.1140684455844e-06,69,2,3,0.9868299976712434
870,2.1629221497043485,PRUNED,0:00:00.346021,0.0003835110357741432,12,2,2,0.6319715910482269
871,2.151623301416914,PRUNED,0:00:00.307276,5.4988667272209915e-05,14,2,2,1.4689580658105643
872,2.482475144522531,PRUNED,0:00:00.064545,0.0002179554249685696,246,2,2,0.8367203421987761
873,2.1848028459047018,PRUNED,0:00:00.143535,0.00021734918093448534,40,2,2,0.6100196324521623
874,2.0739006170859704,PRUNED,0:00:00.079266,8.178473705125576e-05,117,2,2,0.603133824541958
875,2.119889998435974,PRUNED,0:00:00.081005,0.0001094570563968428,160,2,2,0.6613189249043391
876,2.1151592433452606,PRUNED,0:00:00.073304,9.527055312603918e-05,198,2,2,0.6516275245744239
877,1.4876180720585648,PRUNED,0:00:02.642118,6.830879602003653e-05,8,1,2,0.5452203795299023
878,1.6787616869053208,PRUNED,0:00:01.992266,6.698948200208034e-05,9,1,2,0.5366295449670315
879,2.206483085950216,PRUNED,0:00:00.083408,0.00015245471412560208,126,1,3,0.5372694276408341
880,2.0341564084910138,PRUNED,0:00:00.260302,3.4362380110641036e-05,19,2,2,0.6373406301481959
881,2.033545316020145,PRUNED,0:00:00.249763,3.2953558657635446e-05,19,2,2,0.6319792685524731
882,2.058399647474289,PRUNED,0:00:00.206093,0.00012632274987510412,29,4,2,0.5912027553812936
883,2.034387258382944,PRUNED,0:00:00.194775,6.82212737967281e-05,29,4,2,0.5791675022205927
884,2.0047730096032685,PRUNED,0:00:00.619058,4.3565003641581943e-05,14,2,2,0.5734021116452661
885,2.005713054408198,PRUNED,0:00:00.873974,4.240299480137471e-05,13,2,3,0.5601903063347408
886,87.8644657201856,PRUNED,0:00:00.421361,0.007972088359166712,14,2,3,0.6173765827003119
887,2.0282337367534637,PRUNED,0:00:00.435475,4.4912482493246216e-05,15,2,3,0.6142541162132702
888,2.0580624024073284,PRUNED,0:00:00.081554,9.467479807504333e-05,103,2,2,0.5144258097459917
889,2.032502277692159,PRUNED,0:00:00.123421,3.06878482154813e-06,50,2,2,0.5573217478961758
890,2.080432279293354,PRUNED,0:00:00.202881,4.2965944818154696e-05,23,2,2,0.9631374248412747
891,2.276510376196641,PRUNED,0:00:00.220105,0.00026646087325437343,23,3,2,0.9763589456012801
892,2.0544981837272642,PRUNED,0:00:00.111338,8.674500113930455e-05,76,3,2,0.5945352272478059
893,2.0530014076540546,PRUNED,0:00:00.512324,0.0002798804331389564,8,3,2,0.5992579309613613
894,53257.74244066385,PRUNED,0:00:00.111347,0.07668238177969422,58,2,2,1.0558790256400596
895,2.094501437911068,PRUNED,0:00:00.463774,6.441133243310709e-05,9,2,2,1.0801924854534806
896,2.0458821625594634,PRUNED,0:00:00.412541,0.00012116046937373043,9,2,2,0.6690863224109393
897,2.0393208837509156,PRUNED,0:00:00.234444,6.27444044084988e-05,20,2,2,0.6696623982038445
898,2.054151256879171,PRUNED,0:00:00.070375,8.170662285241464e-05,180,2,2,0.5006746892528697
899,2.7346816380818684,PRUNED,0:00:00.262032,0.0007828718578100851,20,4,2,0.6456614496098131
900,2.0548583450196665,PRUNED,0:00:00.281560,4.370522342291326e-06,19,4,2,0.7063451211300636
901,2.057505564256148,PRUNED,0:00:00.518169,0.00010028035893378525,17,4,3,0.6266356204380645
902,1721.5226133305853,PRUNED,0:00:00.200350,0.02342538429330949,37,2,3,0.7062911478571419
903,2.0553544136610897,PRUNED,0:00:00.209081,0.00010915898409803464,34,2,3,0.5314982261573516
904,2.149457653363546,PRUNED,0:00:00.084245,0.00010139360553357899,134,2,2,1.0012832921686097
905,2.00394929352627,PRUNED,0:00:00.571081,5.249320442957337e-05,16,2,2,0.5800318198695417
906,2.0568795800209045,PRUNED,0:00:00.065012,5.621910406107849e-05,211,2,2,0.6187124073753445
907,2.082656513089719,PRUNED,0:00:00.105884,0.00015901265004559335,65,2,2,0.5768191648699701
908,179.01349771022797,PRUNED,0:00:00.197730,0.012146700237040843,26,2,2,0.8048088066910575
909,2.0123425998858044,PRUNED,0:00:00.365074,2.689901525383274e-05,27,2,2,0.551783122522718
910,2.1500470297677174,PRUNED,0:00:00.066306,7.888012258472041e-05,217,2,2,0.9156602165687167
911,2.00512549566186,PRUNED,0:00:00.638213,2.7993030510563647e-05,13,2,2,0.5464680968257157
912,2.1064736895701466,PRUNED,0:00:00.478981,0.0005111766057578566,11,1,2,0.5298011005619384
913,2.0398649304143843,PRUNED,0:00:00.944862,7.212618619246339e-05,4,2,2,0.7409892597576304
914,2.0515279910143684,PRUNED,0:00:00.104261,6.788017430727858e-05,90,2,2,0.6005298546316228
915,2.1126882074895548e-06,COMPLETE,0:00:13.730495,7.22263167779725e-05,8,2,2,0.6011325949174392
916,2.001631009963251,PRUNED,0:00:01.960597,9.434381903835628e-06,4,2,2,0.5001459362038164
917,2.1181165042676424,PRUNED,0:00:00.094787,5.391385816075639e-05,82,2,2,1.0267083932961834
918,2.030365095343641,PRUNED,0:00:00.486371,3.6521164906870845e-05,8,2,2,0.6433561428710645
919,2.061989561931507,PRUNED,0:00:00.240481,8.45427915122904e-05,41,4,3,0.5828269516992235
920,2.1891490817070007,PRUNED,0:00:00.064839,5.209716776578479e-05,203,2,2,1.4155965362082803
921,2.07548306193403,PRUNED,0:00:00.274269,6.30285734158506e-05,16,2,2,0.9421184530777664
922,2.0458821442819413,PRUNED,0:00:00.298725,0.00012728739259914958,24,1,2,0.5670943092090005
923,2.032593992732515,PRUNED,0:00:00.404226,1.0689791447071304e-05,10,2,2,0.6082165567110771
924,2.205340361595154,PRUNED,0:00:00.070539,8.817673520576056e-05,150,2,2,1.213015610571255
925,2.208360157907009,PRUNED,0:00:00.228741,0.00018006420974194196,47,4,3,0.6094744029600909
926,2.000111476580302,PRUNED,0:00:00.726402,4.156078451040989e-05,20,3,3,0.5186414312550223
927,7.872151435176028,PRUNED,0:00:00.249828,0.002853794466594775,19,2,2,0.5187016173821937
928,2.037429535642583,PRUNED,0:00:00.185997,4.066186947407913e-05,32,3,2,0.6315755895719551
929,2.3185260865999306,PRUNED,0:00:00.332612,0.0003676624502965682,13,2,2,1.048102073229509
930,2.011331524019656,PRUNED,0:00:00.670676,1.788251412389032e-05,13,2,2,0.5610750850369108
931,2.029652457026874,PRUNED,0:00:00.309921,1.8359495429877422e-05,22,2,3,0.5579670369093902
932,2.0770373344421387,PRUNED,0:00:00.073197,1.6466853499280658e-05,158,2,2,0.8553126570952053
933,2.0319473977599825,PRUNED,0:00:00.202954,0.00011605432767426914,27,2,2,0.5658526451812934
934,2.13786780834198,PRUNED,0:00:00.072859,0.00012092899917076875,187,2,2,0.6506635242074211
935,4490.192296362692,PRUNED,0:00:00.339225,0.04866242547275644,12,1,2,1.375144758500844
936,1.9969655704848908,PRUNED,0:00:00.738919,5.478620853062373e-05,11,1,2,0.5985809773728765
937,2.0366793473561606,PRUNED,0:00:00.099075,5.80570900431586e-05,71,1,2,0.5944343925043963
938,2.15733140707016,PRUNED,0:00:00.137766,7.908374409871345e-05,54,4,2,1.115157954153473
939,2872.9291785103933,PRUNED,0:00:00.138403,0.031781428919651016,54,4,2,0.6138932234488418
940,2.0738013982772827,PRUNED,0:00:00.127926,8.329654355316103e-05,53,4,2,0.619807086424775
941,2.0329263865947724,PRUNED,0:00:00.313181,9.369475687030048e-05,15,2,2,0.6241929572774478
942,2.0690726854584436,PRUNED,0:00:00.288290,5.040683528539765e-05,17,2,2,0.8932784136396554
943,1.9453159307920804,PRUNED,0:00:01.550653,5.7190350479911335e-05,8,2,2,0.5310762519261338
944,2.0441878817298194,PRUNED,0:00:00.077063,6.352690140164343e-05,141,2,2,0.588222161977855
945,1.9906018936490437,PRUNED,0:00:00.885577,5.4722850884039506e-05,9,2,2,0.5411306949910177
946,2.0921145851413407,PRUNED,0:00:00.171363,3.310358592947738e-05,31,2,2,1.005758710599245
947,2.1381347676118216,PRUNED,0:00:00.132744,0.00014756271283704317,63,2,3,0.5387782111191228
948,2.031401333629444,PRUNED,0:00:00.498494,6.946234502576603e-05,8,2,2,0.6491389311780182
949,208.22058115466947,PRUNED,0:00:00.214359,0.016645155484107985,24,2,2,0.5328629612782172
950,4.735653983222114,PRUNED,0:00:00.071754,0.0006285461873936307,167,2,2,0.6703909827085468
951,2.2405389845371246,PRUNED,0:00:00.068563,9.839491249185025e-05,193,2,2,1.1450162559179013
952,2.006829826037089,PRUNED,0:00:00.385927,7.11583379973993e-05,25,2,2,0.5761303729777085
953,2.0458684125578546,PRUNED,0:00:00.362143,7.209490374659193e-05,18,2,3,0.6341389320404167
954,2.042619164272021,PRUNED,0:00:00.302300,0.0002030429002819496,16,2,2,0.5206413397482319
955,2.05637240153487,PRUNED,0:00:00.295368,0.0001963501021954355,16,2,2,0.5976669774207881
956,2.0917813175468036,PRUNED,0:00:00.309959,0.00019022257260553082,16,3,2,0.7874881561809113
957,2.0699173973666296,PRUNED,0:00:00.253691,9.987163086920779e-05,42,4,3,0.5622478412268728
958,2.009315910473676,PRUNED,0:00:00.861281,4.462771410529902e-05,21,4,3,0.568624632376693
959,2.07356960457914,PRUNED,0:00:00.314087,4.6793596512732016e-05,22,2,3,0.8222205940508974
960,2.0397608263391844,PRUNED,0:00:00.225436,4.81712586542113e-05,21,2,2,0.6838135550673141
961,2.104567124730065,PRUNED,0:00:00.151357,3.252636335732292e-05,36,2,2,1.0915644910902684
962,1.258009856979319,PRUNED,0:00:02.897206,9.241420882258317e-05,10,1,2,0.5004655979656701
963,2.3112934041023254,PRUNED,0:00:00.174413,0.0004178248998237707,30,3,2,0.5883600859780657
964,6.296779351199374,PRUNED,0:00:00.370974,0.0013273180469119252,11,2,2,1.2912681717877763
965,2.033662497997284,PRUNED,0:00:00.349535,0.00012288089929688668,11,1,2,0.618301292704544
966,2.0395051651987535,PRUNED,0:00:00.188547,7.913760905640191e-05,26,2,2,0.6494542515340247
967,2.0388024515575833,PRUNED,0:00:00.069474,6.459106849169187e-05,183,2,2,0.5025426842179103
968,2.1253526938380674e-06,COMPLETE,0:00:13.336655,9.036883008558115e-05,8,2,2,0.5541905068562757
969,2.093685780663088,PRUNED,0:00:00.245702,3.723820057706884e-05,18,2,2,1.0677289931213987
970,15.508119649464085,PRUNED,0:00:00.480138,0.004290386853489206,8,2,2,0.5524609166933627
971,2.0390653257784637,PRUNED,0:00:00.325445,0.00014030283798378195,13,2,2,0.605199904654164
972,2.0819237043139753,PRUNED,0:00:00.916081,6.166388267163741e-05,4,2,2,1.0290392890410718
973,2.1194286607205868,PRUNED,0:00:00.121527,8.788390484967246e-05,47,2,2,0.8735214501769673
974,164.37281809403345,PRUNED,0:00:00.115953,0.005813866459880164,58,4,2,0.6285556770684648
975,2.11719371298308,PRUNED,0:00:00.376358,0.00029174160736424205,16,2,3,0.5846417148214917
976,2.037154964038304,PRUNED,0:00:00.186657,7.741840674783331e-05,27,3,2,0.5770324569646913
977,2.0361476481800347,PRUNED,0:00:00.219717,5.072331682920576e-05,21,2,2,0.6576877584613774
978,2.1567331034204233,PRUNED,0:00:00.156001,0.00011825277764831909,33,2,2,1.1702976727613925
979,2.006715066536613,PRUNED,0:00:00.620093,2.5714511341473495e-05,13,2,2,0.5526989011717908
980,2.188032713803378,PRUNED,0:00:00.083825,6.91103107278466e-05,144,2,3,0.9805777371085844
981,2.093291997909546,PRUNED,0:00:00.062364,0.00010064228171503783,207,2,2,0.6084544708530034
982,2.0279070071771113,PRUNED,0:00:00.546871,3.8462134365600445e-05,7,2,2,0.6333323200978308
983,5.2907707117780856,PRUNED,0:00:00.258414,0.0017909698183663678,19,4,2,0.6315876996671705
984,2.027529403387782,PRUNED,0:00:00.278251,1.359839300752054e-06,18,4,2,0.5225113708973073
985,2.1081075301537147,PRUNED,0:00:00.077712,5.707952381973762e-05,120,2,2,0.9337937837234758
986,368.4821600132975,PRUNED,0:00:00.243952,0.009779203910253722,26,2,3,1.0476377951524527
987,2.0291668687547957,PRUNED,0:00:00.058867,2.297489486809773e-06,222,3,2,0.5416960164238844
988,2.132096588611603,PRUNED,0:00:00.069650,5.0813284955744334e-05,133,1,2,1.1294775829833612
989,2.0288625447646433,PRUNED,0:00:00.311825,5.382120594729662e-06,13,2,2,0.5566989110998104
990,2.051943027973175,PRUNED,0:00:00.132864,8.587955932900037e-05,38,2,2,0.5814290568999727
991,2.311569963182722,PRUNED,0:00:00.064084,0.00015972119035142715,230,2,3,0.5173691638668172
992,2.0540344550059393,PRUNED,0:00:00.193383,0.00011010336971170538,23,2,2,0.7252597554755463
993,2.0273523943446508,PRUNED,0:00:00.289870,6.560251146358629e-05,14,2,2,0.5939697170788936
994,2.029054388884575,PRUNED,0:00:00.865814,3.3025233742872466e-05,4,2,2,0.6562835450646993
995,2.049143409729004,PRUNED,0:00:00.067744,4.362510158969845e-05,161,4,2,0.6139815348206223
996,2.086805510520935,PRUNED,0:00:00.074169,5.884001559697185e-05,152,2,3,0.6914587195148536
997,2.9773449897766113,PRUNED,0:00:00.083070,0.0005085249794805386,73,1,2,0.9999355815836766
998,2.004418744835802,PRUNED,0:00:00.478072,4.7739193744590254e-05,16,2,2,0.5754736232228539
999,2.158263236284256,PRUNED,0:00:00.057969,7.870720069404457e-05,200,3,2,0.9682417211189212
