trial_number,value,state,duration,lr,batch_size,latent_dim,poly_order
0,0.017958490177989006,COMPLETE,0:00:02.284859,0.0010085182177002356,211,4,2
1,0.017925282940268517,COMPLETE,0:00:02.865118,0.0018587159116264839,95,2,2
2,0.018096689134836197,COMPLETE,0:00:02.172799,0.00048128955797005854,190,3,2
3,1.6862129039234586,PRUNED,0:00:02.714721,9.153122195758014e-05,42,4,2
4,0.018169943243265152,COMPLETE,0:00:02.073112,0.00010405720225609811,208,1,2
5,1.203369290932365,PRUNED,0:00:02.770162,0.00016601057889852178,67,2,2
6,0.017863724380731583,COMPLETE,0:00:02.545851,0.0013501166955767587,129,2,2
7,0.018130751326680183,COMPLETE,0:00:02.431513,0.0002574290942210839,155,4,2
8,1.4696038166681926,PRUNED,0:00:01.600484,0.07403389774030936,252,4,3
9,2.3540327847003937,PRUNED,0:00:00.534657,3.74446027751566e-05,94,4,2
10,2.367487061023712,PRUNED,0:00:00.647019,1.4715913907488355e-06,25,2,3
11,2.3618780374526978,PRUNED,0:00:00.090882,0.0002151193530715832,255,3,3
12,2.6092572754079644,PRUNED,0:00:00.128386,0.02914356962246855,141,1,3
13,2.364656516483852,PRUNED,0:00:00.087022,1.1954884937983672e-05,218,3,2
14,2.367166042327881,PRUNED,0:00:00.111066,1.6976361051483827e-06,168,4,2
15,0.0177435502409935,COMPLETE,0:00:03.462770,0.013238756774406413,139,4,2
16,0.01780654862523079,COMPLETE,0:00:04.705671,0.006435629737844762,84,2,3
17,0.01788962259888649,COMPLETE,0:00:04.695027,0.007729028414616017,90,2,3
18,0.01770160160958767,COMPLETE,0:00:04.559650,0.007861671489167076,85,2,3
19,0.017598086968064308,COMPLETE,0:00:04.177592,0.004816692539383786,109,2,3
20,0.017658045515418053,COMPLETE,0:00:04.240363,0.004291489807099196,109,2,3
21,0.017757268622517586,COMPLETE,0:00:04.354557,0.004962871505882502,102,2,3
22,0.017731741070747375,COMPLETE,0:00:03.326419,0.0039173033147007165,106,2,2
23,0.47833488766963667,PRUNED,0:00:01.813970,0.006258777236594898,116,2,2
24,1.120845180291396,PRUNED,0:00:00.487607,0.009369171318471047,122,3,3
25,1.4395363628864288,PRUNED,0:00:00.341632,0.008547487889503082,96,1,3
26,0.8472719689210256,PRUNED,0:00:00.755281,0.007019015259944523,63,1,3
27,1.0433339113774507,PRUNED,0:00:00.546528,0.010705673288405687,66,1,3
28,0.8624800457195803,PRUNED,0:00:00.738132,0.012096937077760687,69,1,3
29,1.5030591736237209,PRUNED,0:00:00.445337,0.025243839943929383,64,3,3
30,1.5025156828073354,PRUNED,0:00:00.486126,0.028018675719141812,59,3,3
31,1.5679463672637939,PRUNED,0:00:00.501950,0.0391327996646165,61,3,3
32,1.5225257495554483,PRUNED,0:00:00.514316,0.03896712006585486,37,1,3
33,2.6602534012448404,PRUNED,0:00:01.688250,0.06380910890601685,4,3,3
34,98.01941555899543,PRUNED,0:00:00.215376,0.09414095199872526,41,3,3
35,2.7120119648821213,PRUNED,0:00:00.566741,0.09759123956385173,11,2,3
36,2.343809953102699,PRUNED,0:00:00.103563,0.002173465106113658,118,2,3
37,2.324461485658373,PRUNED,0:00:00.113371,0.0006415800332241558,114,2,3
38,2.366580537387303,PRUNED,0:00:00.100486,0.002773985990709242,111,2,3
39,0.0174881424754858,COMPLETE,0:00:24.463011,0.0026718158750674427,7,2,3
40,0.5656128433697364,PRUNED,0:00:05.684950,0.0006284637852438394,11,2,3
41,2.352198430470058,PRUNED,0:00:00.126764,0.0006816303703921376,107,2,3
42,2.311928851263864,PRUNED,0:00:00.098554,0.0027902760108832964,108,2,3
43,0.5057379978915189,PRUNED,0:00:13.686511,0.0008723335316497431,5,2,2
44,2.3352035760879515,PRUNED,0:00:00.099970,0.0007941427998996961,78,2,2
45,2.3326858043670655,PRUNED,0:00:00.067494,0.0008894419921823231,164,2,2
46,2.356059100892809,PRUNED,0:00:00.070120,0.0004043428922805508,176,2,2
47,0.4592858523190502,PRUNED,0:00:15.725481,0.0011805268322566662,6,2,2
48,0.9857111275196075,PRUNED,0:00:00.276516,0.018616815387009784,150,2,2
49,1.2022215236317029,PRUNED,0:00:00.226799,0.01625249862357572,139,2,2
50,1.4991450959985906,PRUNED,0:00:00.178640,0.017115295454055306,137,3,2
51,2.3397394960576836,PRUNED,0:00:00.072022,0.001370870000147705,141,3,2
52,1.9201520681381226,PRUNED,0:00:00.136391,0.0043503677840222585,133,4,2
53,2.343086620171865,PRUNED,0:00:00.093925,0.002974992386989578,135,4,2
54,2.3013532360394797,PRUNED,0:00:00.078026,0.0039440284176719,128,4,2
55,2.3283609449863434,PRUNED,0:00:00.070383,0.003682277554094123,187,2,2
56,2.323516845703125,PRUNED,0:00:00.097326,0.0015508486678626307,83,2,2
57,2.3175696399476795,PRUNED,0:00:00.090577,0.001771010733900828,83,2,2
58,2.307536706328392,PRUNED,0:00:00.102151,0.001887967725065286,99,2,3
59,0.5227510128170252,PRUNED,0:00:01.444455,0.0053169022170844234,99,2,3
60,2.3778489232063293,PRUNED,0:00:00.117531,4.9280733163038536e-05,94,2,3
61,0.017539197579026222,COMPLETE,0:00:02.499018,0.005026165684291267,102,2,3
62,6.668798605600993,PRUNED,0:00:00.099369,0.04976670513723542,102,2,3
63,1.8804875373840333,PRUNED,0:00:00.123905,0.006122709414617904,150,1,3
64,0.017673736438155174,COMPLETE,0:00:02.088983,0.005951814093197918,124,2,3
65,1.8225435415903728,PRUNED,0:00:00.154436,0.0048245179674120476,125,2,3
66,0.01773642562329769,COMPLETE,0:00:03.033792,0.011830561789692443,77,2,3
67,1.440225487947464,PRUNED,0:00:00.289892,0.013278807162887197,77,1,3
68,0.5307019866175122,PRUNED,0:00:01.576826,0.008457233621408858,87,2,3
69,0.017839428037405014,COMPLETE,0:00:04.151562,0.010443144295377783,50,2,3
70,2.5827759229219875,PRUNED,0:00:00.092659,5.993195589132758e-06,122,2,3
71,0.0179155096411705,COMPLETE,0:00:02.760495,0.010254442950596417,91,2,3
72,0.7981660004173007,PRUNED,0:00:00.795546,0.02170538102165373,54,2,3
73,1.490227457015745,PRUNED,0:00:00.441539,0.024116516796364236,49,2,3
74,2.3104833705084666,PRUNED,0:00:00.116907,0.0010918952397025504,74,2,3
75,0.8320073985284374,PRUNED,0:00:00.869413,0.011127799269631929,49,2,3
76,2.3804378930260155,PRUNED,0:00:00.108487,0.00013501465541598912,89,2,3
77,2.3631659348805747,PRUNED,0:00:00.099466,0.010448908606617797,105,2,3
78,1.0183257460594177,PRUNED,0:00:00.310434,0.013077839417623211,115,2,3
79,2.38766754590548,PRUNED,0:00:00.087331,0.008319639943933265,122,2,3
80,1.5101139545440674,PRUNED,0:00:00.283174,0.03389703108509702,93,2,3
81,1.4905679659409956,PRUNED,0:00:00.252374,0.03548527968080158,147,3,3
82,2.295910943638195,PRUNED,0:00:00.098784,0.003437461848961975,147,3,3
83,2.327411583491734,PRUNED,0:00:00.085657,0.002389913775243048,229,3,3
84,2.293375321796962,PRUNED,0:00:00.089045,0.002482571570106892,110,1,3
85,1.3248511382511683,PRUNED,0:00:00.299125,0.00669205348626513,71,1,3
86,1.3467967794055031,PRUNED,0:00:00.298150,0.006521195084865697,71,1,3
87,1.0891048664396459,PRUNED,0:00:00.456420,0.006983843024586174,70,2,3
88,1.1018802239781333,PRUNED,0:00:00.484028,0.007142273905016009,73,2,3
89,2.305145843823751,PRUNED,0:00:00.098841,0.004754294430692943,103,2,3
90,2.2960268350747914,PRUNED,0:00:00.094036,0.004506118105821134,118,2,3
91,1.03227495153745,PRUNED,0:00:00.309907,0.014681096552955126,129,2,3
92,2.2980106234550477,PRUNED,0:00:00.081560,0.017917598471827476,159,2,3
93,2.306035578250885,PRUNED,0:00:00.071582,0.0033940746009060883,128,2,2
94,1.2940999170144398,PRUNED,0:00:00.209299,0.014407169574198945,130,2,2
95,2.357350128037589,PRUNED,0:00:00.114800,0.0011646252645180625,109,2,3
96,2.601373587335859,PRUNED,0:00:00.083829,0.055275912450228296,110,2,2
97,0.017621761187911034,COMPLETE,0:00:02.769108,0.005170621924377722,83,2,3
98,2.4689690815775016,PRUNED,0:00:00.122396,0.005354208574697923,82,2,3
99,0.01778411865234375,COMPLETE,0:00:02.772326,0.005345610756477231,84,2,3
100,0.017941566184163094,COMPLETE,0:00:02.878487,0.005341884652247273,84,2,3
101,2.3072421550750732,PRUNED,0:00:00.117339,0.0018993350961365345,99,2,3
102,1.746307717429267,PRUNED,0:00:00.199265,0.0033090296130516765,83,2,3
103,1.2051511481404305,PRUNED,0:00:00.362509,0.010035139308985152,99,2,3
104,0.01770486682653427,COMPLETE,0:00:03.124113,0.008396254506600823,118,4,3
105,2.3619111501253567,PRUNED,0:00:00.096325,0.0003072351417343338,115,2,3
106,0.017497258260846138,COMPLETE,0:00:03.993824,0.005595947124513353,86,4,3
107,0.017343318089842796,COMPLETE,0:00:04.284697,0.005394778604603144,79,4,3
108,0.42797091230750084,PRUNED,0:00:02.563546,0.005604785634930253,93,2,3
109,2.3058474957942963,PRUNED,0:00:00.110832,0.020342533581739715,95,2,3
110,2.3750738551219306,PRUNED,0:00:00.137743,0.0027714386892225412,64,2,3
111,0.01776389591395855,COMPLETE,0:00:03.141683,0.008353615139489628,77,2,3
112,0.017389658838510513,COMPLETE,0:00:03.544203,0.008310142375841703,104,4,3
113,1.0608026444911958,PRUNED,0:00:00.606657,0.008755334657435174,78,4,3
114,2.2739543272898746,PRUNED,0:00:00.125213,0.004051845321247792,120,4,3
115,1.3275079607963562,PRUNED,0:00:00.229220,0.008399078447151154,105,4,2
116,1.3705533981323241,PRUNED,0:00:00.229530,0.00787689169954398,106,4,2
117,1.5011172990004222,PRUNED,0:00:00.314159,0.011995164215349815,134,4,3
118,1.5152955405852373,PRUNED,0:00:00.400029,0.01272848475753139,89,4,3
119,2.24162118775504,PRUNED,0:00:00.126980,0.004021725936740151,113,4,3
120,2.35461833079656,PRUNED,0:00:00.116109,0.028197649407766097,124,4,3
121,2.292883555094401,PRUNED,0:00:00.134194,0.0022213253118101095,100,4,3
122,2.292654601010409,PRUNED,0:00:00.113555,0.0029832681885432312,142,4,3
123,2.31872575933283,PRUNED,0:00:00.113348,0.0022022286417684757,140,4,3
124,2.2867325727756205,PRUNED,0:00:00.202520,0.0013623021128388508,58,4,3
125,2.2842350050255105,PRUNED,0:00:00.207116,0.0013599406667127968,57,4,3
126,2.309725522994995,PRUNED,0:00:00.112173,0.003832295843402064,96,2,3
127,2.310413136482239,PRUNED,0:00:00.139311,0.0014215524297754856,60,2,3
128,2.207291701260735,PRUNED,0:00:00.111060,0.006477626950918979,90,2,3
129,1.2727715059330589,PRUNED,0:00:00.322587,0.016015711808123168,79,2,3
130,0.5317073211073875,PRUNED,0:00:01.521319,0.006413511447938524,78,2,3
131,2.2777861265035777,PRUNED,0:00:00.104595,0.015922691970475956,119,2,3
132,1.2487270534038544,PRUNED,0:00:00.318625,0.009121160375921126,76,2,3
133,0.9309768706560135,PRUNED,0:00:00.436891,0.009390308668691647,77,2,3
134,2.4254378846713474,PRUNED,0:00:00.116815,0.0077739644478093135,113,2,3
135,2.2228152751922607,PRUNED,0:00:00.151285,0.004429290706118045,104,4,3
136,2.2211730400721232,PRUNED,0:00:00.136913,0.004479273960347486,105,4,3
137,2.270179359118144,PRUNED,0:00:00.092501,0.004713096925203612,101,4,2
138,0.017082685604691505,COMPLETE,0:00:04.683041,0.006297145778792627,68,4,3
139,0.9752215255390514,PRUNED,0:00:00.462636,0.0059263572696690945,68,2,3
140,0.9819549078291113,PRUNED,0:00:00.484600,0.005633829528979704,68,2,3
141,0.9041538106070625,PRUNED,0:00:00.700291,0.006411140353460351,87,4,3
142,0.6509894761774275,PRUNED,0:00:00.961352,0.0059414257725764145,87,4,3
143,1.4142231941223145,PRUNED,0:00:00.400867,0.01210904112202529,88,4,3
144,2.265362724661827,PRUNED,0:00:00.143661,0.0032484634680381265,93,4,3
145,1.49939044082866,PRUNED,0:00:00.421189,0.022681364107955026,88,4,3
146,2.356021455356053,PRUNED,0:00:00.129686,7.280720876676224e-05,110,4,3
147,2.2027477100491524,PRUNED,0:00:00.115161,0.0072454004210961275,96,2,3
148,2.4182613641023636,PRUNED,0:00:00.111496,1.408199281663874e-05,96,2,3
149,0.9827069826424122,PRUNED,0:00:00.373957,0.010399218644505973,97,2,3
150,1.577451073206388,PRUNED,0:00:00.253403,0.011384792743019491,117,4,3
151,1.2521631029935985,PRUNED,0:00:00.349781,0.00995455736074934,117,4,3
152,2.202908972899119,PRUNED,0:00:00.093628,0.010854645425669067,126,2,3
153,0.913129293001615,PRUNED,0:00:00.258892,0.010813853409869194,117,2,2
154,2.31144065123338,PRUNED,0:00:00.084830,0.0034469768290517136,116,2,2
155,2.3021698792775473,PRUNED,0:00:00.089425,0.0033987482898010036,132,2,2
156,2.3126632145472934,PRUNED,0:00:00.118923,0.002757493465616027,108,2,3
157,2.2142518162727356,PRUNED,0:00:00.167186,0.004961162051489374,84,2,3
158,2.4797804167396142,PRUNED,0:00:00.126432,0.005055725333009865,82,2,3
159,2.4941406375483464,PRUNED,0:00:00.117928,0.004679832885562282,82,2,3
160,2.503554287709688,PRUNED,0:00:00.134084,0.004467136246469014,82,2,3
161,2.213346905178494,PRUNED,0:00:00.158315,0.004983055470495154,84,2,3
162,2.2308235736120317,PRUNED,0:00:00.129150,0.005288651979902492,73,2,3
163,0.017719952389597893,COMPLETE,0:00:03.168542,0.007819988077185343,73,2,3
164,1.2036805124509902,PRUNED,0:00:00.352968,0.0074554133319343656,73,2,3
165,0.9634823004404703,PRUNED,0:00:00.590409,0.007869645822601988,74,2,3
166,1.058069070180257,PRUNED,0:00:00.456568,0.008119318648419077,71,2,3
167,2.275067694981893,PRUNED,0:00:00.103986,0.008079030881510355,104,2,3
168,0.9952971736590067,PRUNED,0:00:00.444937,0.008042435474624098,74,2,3
169,0.017587384209036827,COMPLETE,0:00:03.613629,0.007382997068901618,65,2,3
170,0.9753398053786334,PRUNED,0:00:00.393910,0.01361558000978538,91,2,3
171,0.5756443984368268,PRUNED,0:00:00.846804,0.014775253806687845,91,2,3
172,1.5521576974702918,PRUNED,0:00:00.257701,0.014555708306242117,65,2,3
173,1.0985746173297657,PRUNED,0:00:00.387016,0.014095643868738543,92,2,3
174,1.5810835050499958,PRUNED,0:00:00.253994,0.016493415506011848,66,2,3
175,2.4871124854454627,PRUNED,0:00:00.102169,0.0036047172636308167,122,2,3
176,2.3726291145597185,PRUNED,0:00:00.100581,0.002496530598949379,111,2,3
177,1.3253434340159098,PRUNED,0:00:00.321999,0.0064408560155250994,101,3,3
178,0.01751204952597618,COMPLETE,0:00:05.641170,0.006684397286978114,36,2,3
179,0.017551396042108536,COMPLETE,0:00:06.440152,0.006767108344920106,31,2,3
180,0.5977999028460733,PRUNED,0:00:01.923628,0.006326953906366318,53,2,3
181,0.4274004130907681,PRUNED,0:00:06.029438,0.006080871366722439,33,2,3
182,0.01751057058572769,COMPLETE,0:00:04.211126,0.006041956978247798,81,4,3
183,0.48433399984711095,PRUNED,0:00:02.657549,0.006319958928326109,79,4,3
184,2.2041722034153186,PRUNED,0:00:00.156811,0.003949696779653834,79,4,3
185,2.5124728168760027,PRUNED,0:00:00.086450,0.02013693436907704,240,4,3
186,0.4809534763512404,PRUNED,0:00:06.917613,0.009185007523387042,33,4,3
187,1.3288216124410215,PRUNED,0:00:00.528412,0.009039253815726128,65,4,3
188,2.3670297384262087,PRUNED,0:00:00.170901,2.0473466228694783e-06,78,4,3
189,1.1940772533416748,PRUNED,0:00:00.561041,0.006238406630319653,60,4,3
190,2.280812680721283,PRUNED,0:00:00.097743,0.007003533932982567,204,4,3
191,0.5057348972558975,PRUNED,0:00:03.415280,0.004103180864880568,30,2,3
192,0.5581566592057546,PRUNED,0:00:01.176586,0.008919059932076319,63,2,3
193,0.9807118858609881,PRUNED,0:00:00.333290,0.009253003097899908,108,2,3
194,0.505280189315478,PRUNED,0:00:04.585735,0.004166022620822149,20,2,3
195,0.017333155497908592,COMPLETE,0:00:08.594358,0.004030325272349698,21,2,3
196,2.3512717564900716,PRUNED,0:00:00.135623,0.00020071842858886233,103,4,3
197,2.2497128804524738,PRUNED,0:00:00.140889,0.0033734912997419294,103,4,3
198,0.017667626962065697,COMPLETE,0:00:08.930639,0.004093500545847973,31,4,3
199,2.2651978135108948,PRUNED,0:00:00.123313,0.004093990060836241,125,4,3
200,0.017173562198877335,COMPLETE,0:00:09.687401,0.004033314650143367,30,4,3
201,0.017686018720269203,COMPLETE,0:00:13.575477,0.005214703239382137,20,4,3
202,0.01779954507946968,COMPLETE,0:00:11.532491,0.0051627152941854946,25,4,3
203,0.017452485859394073,COMPLETE,0:00:14.306508,0.004917730435304461,19,4,3
204,0.5699789997028268,PRUNED,0:00:03.173763,0.005027309462209984,13,4,2
205,0.5714423728711677,PRUNED,0:00:01.087461,0.005215659553814229,46,4,2
206,1.1534618279513191,PRUNED,0:00:00.665495,0.002637018435916018,44,4,3
207,1.0085538289239329,PRUNED,0:00:01.531239,0.012200303477876925,24,4,3
208,2.311362453869411,PRUNED,0:00:00.094328,0.007544303702902275,112,2,3
209,0.5185693349780106,PRUNED,0:00:02.509652,0.011153354902924866,37,2,3
210,0.018059927970170975,COMPLETE,0:00:12.502410,0.005627105523836842,14,2,3
211,0.47287569929133444,PRUNED,0:00:09.812805,0.00564070562172843,11,2,3
212,0.017753982916474342,COMPLETE,0:00:10.020313,0.0030248159037607803,18,2,3
213,0.017396217212080956,COMPLETE,0:00:13.407590,0.002875998634959861,13,2,3
214,0.017328079789876938,COMPLETE,0:00:13.350187,0.0030291116391568266,21,4,3
215,0.017153874039649963,COMPLETE,0:00:20.524404,0.0032208794465366573,13,4,3
216,0.017378127202391624,COMPLETE,0:00:15.435282,0.0030183064706131835,17,4,3
217,0.017573190852999687,COMPLETE,0:00:09.884354,0.0018694992979877345,28,4,3
218,0.017347631976008415,COMPLETE,0:00:13.760560,0.0030896422762450785,19,4,3
219,0.017638426274061203,COMPLETE,0:00:10.110958,0.003802857202115073,27,4,3
220,0.5659109942358116,PRUNED,0:00:02.789714,0.0019000346601623348,26,4,3
221,0.5493123010947154,PRUNED,0:00:03.457213,0.0017435497215670386,23,4,3
222,0.4932834258765582,PRUNED,0:00:23.709412,0.003499947146883804,5,4,3
223,0.017654133960604668,COMPLETE,0:00:36.092161,0.002477791425418239,7,4,3
224,0.017423272132873535,COMPLETE,0:00:48.203701,0.0020486831357201477,5,4,3
225,0.017327629029750824,COMPLETE,0:00:15.641834,0.0023358276336507837,16,4,3
226,0.01751263067126274,COMPLETE,0:00:30.143772,0.0021649080305694408,8,4,3
227,0.01728946901857853,COMPLETE,0:00:34.655998,0.0022424518744855334,7,4,3
228,0.017537035048007965,COMPLETE,0:00:39.522955,0.002254982035024412,6,4,3
229,0.017229601740837097,COMPLETE,0:01:01.605878,0.002239605352386211,4,4,3
230,0.017343657091259956,COMPLETE,0:00:39.822086,0.0022219420003748366,6,4,3
231,0.017369667068123817,COMPLETE,0:00:14.793406,0.00219344569233116,17,4,3
232,0.017347197979688644,COMPLETE,0:00:16.998584,0.0022462923433147807,15,4,3
233,0.5391112562607635,PRUNED,0:00:04.730016,0.002163856629940719,17,4,3
234,0.01746430993080139,COMPLETE,0:00:22.267150,0.0018195629787183863,11,4,3
235,0.017609359696507454,COMPLETE,0:00:15.702561,0.0020991280387301727,16,4,3
236,0.01747536100447178,COMPLETE,0:00:31.485018,0.0019621474352842934,8,4,3
237,0.017437206581234932,COMPLETE,0:00:26.793954,0.0016313913502580808,9,4,3
238,0.01723288744688034,COMPLETE,0:00:27.315846,0.0018160544747846145,9,4,3
239,0.3752364003718299,PRUNED,0:00:23.517669,0.001595447228647086,10,4,3
240,0.017300743609666824,COMPLETE,0:00:26.962103,0.001518682822491135,9,4,3
241,0.01719660311937332,COMPLETE,0:00:22.227872,0.0015989886724618405,11,4,3
242,0.017324788495898247,COMPLETE,0:00:29.648576,0.0016269249828389596,8,4,3
243,0.01742730662226677,COMPLETE,0:00:21.066224,0.0015606021473102115,12,4,3
244,0.017446046695113182,COMPLETE,0:00:21.128189,0.0016066501240780476,12,4,3
245,1.9238186805478987,PRUNED,0:00:00.676834,0.0009906419439606254,12,4,3
246,0.42306808267263757,PRUNED,0:00:20.025708,0.001547972896215943,10,4,3
247,1.9232633588134602,PRUNED,0:00:00.540174,0.001416984360661529,16,4,3
248,0.49313649054496517,PRUNED,0:00:29.128694,0.0028271902927187727,4,4,3
249,0.453216731488224,PRUNED,0:00:31.383366,0.001636091531907002,4,4,3
250,0.017352836206555367,COMPLETE,0:00:58.248764,0.001621785281976532,4,4,3
251,0.4824419459227913,PRUNED,0:00:29.324849,0.0016346181704746927,4,4,3
252,0.01743985339999199,COMPLETE,0:00:58.231414,0.001645676912665592,4,4,3
253,1.9074998586074166,PRUNED,0:00:00.674635,0.001145984902372744,13,4,3
254,0.01733948476612568,COMPLETE,0:01:01.433013,0.0011358906956699967,4,4,3
255,2.2455287943868076,PRUNED,0:00:00.416920,0.0007435633127982657,22,4,3
256,0.4577946946174906,PRUNED,0:00:26.085590,0.0014580175668412584,5,4,3
257,0.5255115553486667,PRUNED,0:00:13.979881,0.0011323418375939016,5,4,3
258,1.9905054167092564,PRUNED,0:00:00.485406,0.0013093161992303382,18,4,3
259,2.051788851778994,PRUNED,0:00:00.544570,0.0009770075058402044,16,4,3
260,0.4814287398335518,PRUNED,0:00:23.735948,0.0016424981196996701,5,4,3
261,0.5524482762889017,PRUNED,0:00:03.118421,0.002607363225284617,19,4,3
262,0.37993113780133075,PRUNED,0:00:16.444440,0.0028487791192136646,14,4,3
263,0.551632858812809,PRUNED,0:00:04.755563,0.0015590990941781338,12,4,3
264,0.017530351877212524,COMPLETE,0:00:19.090893,0.002751458952762897,13,4,3
265,0.5307778896391392,PRUNED,0:00:05.173529,0.002618007136717882,15,4,3
266,0.4154591710865498,PRUNED,0:00:12.660050,0.002614281242655735,15,4,3
267,1.868391342163086,PRUNED,0:00:00.452835,0.0022392142911993006,20,4,3
268,0.4076464289138394,PRUNED,0:00:18.355664,0.0030634940907431933,12,4,3
269,0.017255669459700584,COMPLETE,0:00:24.082079,0.0020825396091617957,10,4,3
270,1.9075033033595366,PRUNED,0:00:00.409996,0.002128250969952896,22,4,3
271,2.0919641931267345,PRUNED,0:00:00.762696,0.0005760018906177375,11,4,3
272,1.183631763957879,PRUNED,0:00:01.534835,0.001228780331561897,11,4,3
273,1.8814723038975196,PRUNED,0:00:00.462891,0.002010164880967077,19,4,3
274,0.017061080783605576,COMPLETE,0:00:24.391172,0.0030683972156778177,10,4,3
275,0.5846272178944325,PRUNED,0:00:05.026387,0.0011175582984338907,10,4,3
276,0.01720704510807991,COMPLETE,0:00:10.840891,0.003362926357050418,24,4,3
277,0.536980947900203,PRUNED,0:00:03.746633,0.0032758853538223938,24,4,3
278,0.3783825168373601,PRUNED,0:00:22.614150,0.0018252385341259365,10,4,3
279,2.003067158883618,PRUNED,0:00:00.381693,0.0018412995313567824,24,4,3
280,1.8514048482280179,PRUNED,0:00:00.937360,0.0008822242568574115,9,4,3
281,0.3693681098520756,PRUNED,0:00:25.264525,0.0022783452048709013,9,4,3
282,0.4136851151143351,PRUNED,0:00:13.558211,0.002201060931005558,16,4,3
283,1.2190688374367626,PRUNED,0:00:00.989028,0.0023168077179505494,17,4,3
284,0.017664918676018715,COMPLETE,0:00:30.076785,0.0029824706466146313,8,4,3
285,0.6026274175711082,PRUNED,0:00:02.003848,0.003249288397101659,21,4,3
286,0.5276650874547555,PRUNED,0:00:03.649762,0.002990613990848812,21,4,3
287,1.948846282703536,PRUNED,0:00:00.348950,0.002481429850769926,27,4,3
288,1.093459923421183,PRUNED,0:00:01.042676,0.002098327526805579,16,4,3
289,0.49359834669943314,PRUNED,0:00:13.327078,0.003069146823921331,9,4,3
290,0.495278787909336,PRUNED,0:00:11.829215,0.002003295320264738,8,4,3
291,0.017582470551133156,COMPLETE,0:00:33.212931,0.0022090823729423313,8,4,3
292,0.45871273676554364,PRUNED,0:00:28.099241,0.0031319142257640277,8,4,3
293,0.4562011773597045,PRUNED,0:00:14.165671,0.003166103638160768,9,4,3
294,0.45415110489533794,PRUNED,0:00:19.837559,0.0034338026413327154,8,4,3
295,0.8334441614407365,PRUNED,0:00:05.782183,0.0035434730281181854,4,4,3
296,0.649661320251643,PRUNED,0:00:07.824250,0.0032389343448933996,4,4,3
297,1.7918059380464657,PRUNED,0:00:01.963045,0.00043820113222264683,4,4,3
298,1.8477375352824177,PRUNED,0:00:00.338933,0.0036279376898213744,28,4,3
299,0.017403336241841316,COMPLETE,0:00:16.250670,0.003165339245818805,17,4,3
300,1.152555718340657,PRUNED,0:00:01.013910,0.0028003230775355843,17,4,3
301,1.9907987700267271,PRUNED,0:00:00.519270,0.0012438408069215309,17,4,3
302,1.8654513945946327,PRUNED,0:00:00.389926,0.002672529708260482,23,4,3
303,1.8943873497155996,PRUNED,0:00:00.391320,0.0024610831877214614,23,4,3
304,0.4354528272151947,PRUNED,0:00:13.056824,0.0038007304534181017,15,4,3
305,2.2556956813142106,PRUNED,0:00:00.243697,0.001336112544051155,41,4,3
306,0.4259738416969776,PRUNED,0:00:13.528410,0.003630058641671695,15,4,3
307,0.4135977470426149,PRUNED,0:00:12.710190,0.004038950627013083,16,4,3
308,0.41175985187292097,PRUNED,0:00:14.348813,0.0039082151845060914,15,4,3
309,0.4521053305268288,PRUNED,0:00:12.030382,0.0038782684625013326,15,4,3
310,1.7983387583494186,PRUNED,0:00:00.633358,0.0018852162873856854,15,4,3
311,0.44686962371674654,PRUNED,0:00:13.003534,0.003960433587654379,14,4,3
312,1.9768511123127408,PRUNED,0:00:00.392348,0.0024240848721666605,28,4,3
313,2.1353897364934284,PRUNED,0:00:00.446785,0.0009975842602334905,20,4,3
314,2.0564112847959493,PRUNED,0:00:00.468260,0.0013279921694416628,21,4,3
315,2.209770933110663,PRUNED,0:00:00.311418,0.0013207567996188672,32,4,3
316,2.219221544820209,PRUNED,0:00:00.331318,0.001384650175808396,35,4,3
317,2.0698896258376367,PRUNED,0:00:00.302475,0.0023516700208163557,35,4,3
318,2.088187675143397,PRUNED,0:00:00.288236,0.0022367381775682117,35,4,3
319,0.550100251643554,PRUNED,0:00:05.625946,0.0019426996881162406,13,4,3
320,0.017455076798796654,COMPLETE,0:00:21.984278,0.0018776329374405472,12,4,3
321,0.017589271068572998,COMPLETE,0:00:21.299311,0.0018704498416269913,12,4,3
322,0.413795533206533,PRUNED,0:00:17.577844,0.002052867868518596,11,4,3
323,1.777163895316746,PRUNED,0:00:00.767123,0.0016751918833488209,13,3,3
324,0.5077032514156834,PRUNED,0:00:08.936316,0.004220365109948859,12,4,3
325,1.9161635080973307,PRUNED,0:00:00.418831,0.0025638110636497908,25,4,3
326,0.35833731840454763,PRUNED,0:00:20.993343,0.001920187371606048,12,4,3
327,0.4831836085406042,PRUNED,0:00:30.149157,0.0016798418559081682,4,4,3
328,1.9078270897109022,PRUNED,0:00:01.959398,0.0003136144425028637,4,4,3
329,1.9578090588251749,PRUNED,0:00:00.435958,0.0016648438996338247,20,4,3
330,1.910222560605582,PRUNED,0:00:00.759856,0.0009189425865159479,11,4,3
331,1.9184449726137622,PRUNED,0:00:00.349245,0.002718943345341984,26,4,3
332,0.4942309426435505,PRUNED,0:00:11.085938,0.0018741966041001085,9,4,3
333,0.01736605353653431,COMPLETE,0:01:04.254915,0.0019072519503863003,4,4,3
334,0.017102090641856194,COMPLETE,0:01:04.306902,0.0018873462202571552,4,4,3
335,2.233889403477521,PRUNED,0:00:00.435942,0.0007560322423576642,21,4,3
336,0.4626216559560709,PRUNED,0:00:32.333725,0.002722284667340643,4,4,3
337,0.4938506983941601,PRUNED,0:00:12.526358,0.0026934911921557233,8,4,3
338,2.364362192153931,PRUNED,0:00:00.479575,2.2425460131001426e-05,20,4,3
339,0.017368730157613754,COMPLETE,0:00:35.966557,0.002626666393458827,7,4,3
340,0.8947642637837318,PRUNED,0:00:06.140728,0.0027116242368000376,4,4,3
341,0.45469126928477516,PRUNED,0:00:33.042072,0.0028034340209392287,4,4,3
342,2.203886926174164,PRUNED,0:00:00.371586,0.0011722494726939968,28,4,3
343,1.8332542758721573,PRUNED,0:00:00.364962,0.0026652640501934957,23,3,3
344,1.064764799289806,PRUNED,0:00:01.291611,0.0029120686649816456,8,1,3
345,2.337227079603407,PRUNED,0:00:00.102151,0.0014232366737893024,172,4,3
346,0.7344141645377041,PRUNED,0:00:05.972260,0.004631228517706661,4,4,3
347,0.5521800592141126,PRUNED,0:00:13.660812,0.004373949756412256,4,4,3
348,1.8253390085266297,PRUNED,0:00:00.486244,0.002330747532028637,18,4,3
349,1.0556023317047312,PRUNED,0:00:00.905126,0.004427595180855696,19,4,3
350,1.1003386204755758,PRUNED,0:00:00.943765,0.0041159308478625764,19,4,3
351,2.3675431688626607,PRUNED,0:00:00.374538,5.167817361114173e-06,25,4,3
352,2.3684593274675567,PRUNED,0:00:00.353076,3.6333806049213505e-06,26,4,3
353,0.5200548173343561,PRUNED,0:00:08.282366,0.0031721834937818005,9,4,3
354,0.5064445873161396,PRUNED,0:00:14.219172,0.0030778334663211105,9,4,3
355,1.106440959758656,PRUNED,0:00:01.063758,0.00229865339476503,16,4,3
356,0.5648865283253681,PRUNED,0:00:05.928374,0.0014716754382838792,9,4,3
357,1.7807965465338833,PRUNED,0:00:01.025376,0.0011057168879692188,9,4,3
358,0.4125917087639532,PRUNED,0:00:12.329588,0.0033387775891682704,16,4,3
359,1.8750384783744811,PRUNED,0:00:00.362173,0.003447749961906606,30,4,3
360,1.947327985821,PRUNED,0:00:00.496920,0.0014732387935307758,18,4,3
361,2.1472878984783006,PRUNED,0:00:00.669700,0.0005913842389703778,13,4,3
362,0.017359178513288498,COMPLETE,0:00:20.360620,0.002207267840074121,13,4,3
363,1.9278286750500018,PRUNED,0:00:00.394869,0.0022082552460660695,23,4,3
364,1.8425652652978897,PRUNED,0:00:00.600875,0.0016219560362756126,15,4,3
365,0.5204983413497978,PRUNED,0:00:05.687025,0.0023212709105369014,14,4,3
366,1.8649119806289673,PRUNED,0:00:00.451656,0.0023122823986623194,20,4,3
367,1.9991161101742794,PRUNED,0:00:00.266637,0.0034036804753320585,40,4,3
368,2.3341107633378773,PRUNED,0:00:00.107260,0.0010687319050761107,184,4,3
369,2.337243252215178,PRUNED,0:00:00.682264,0.00015208680478666153,13,4,3
370,2.0798554110527037,PRUNED,0:00:00.329123,0.0019191869413694976,30,4,3
371,0.6938949361924203,PRUNED,0:00:01.583375,0.002422570671494946,16,4,3
372,2.356546445993277,PRUNED,0:00:00.384931,8.384397067690912e-05,23,4,3
373,0.5056017058030251,PRUNED,0:00:15.987324,0.004667334152970637,8,4,3
374,2.0114491396936875,PRUNED,0:00:00.238245,0.004357034654334949,52,4,3
375,0.4990288802692967,PRUNED,0:00:12.731251,0.004653171007632636,8,4,3
376,0.5408006608486176,PRUNED,0:00:06.876923,0.0012937504549170216,9,4,3
377,0.565297357558486,PRUNED,0:00:05.880320,0.0012412835376105595,9,4,3
378,0.5421968104858552,PRUNED,0:00:07.312325,0.001288103772683639,8,4,3
379,0.5350946079018295,PRUNED,0:00:08.390767,0.0016605274265086578,8,4,3
380,0.017357513308525085,COMPLETE,0:01:00.297119,0.0018300415384190625,4,4,3
381,1.8872935138171232,PRUNED,0:00:00.429350,0.0017820858602902274,19,3,3
382,0.5633401410674216,PRUNED,0:00:12.135755,0.0008789350180779284,4,4,3
383,0.5402065155406793,PRUNED,0:00:13.929267,0.0008557193640924833,4,4,3
384,0.36479613832849006,PRUNED,0:00:57.765451,0.001864883830816095,4,4,3
385,1.9610984325408936,PRUNED,0:00:00.394874,0.002076469695462867,24,4,3
386,0.01739385351538658,COMPLETE,0:01:01.072733,0.002007989283515309,4,4,3
387,0.4875398657775374,PRUNED,0:00:30.724433,0.0025178578998443337,4,4,3
388,0.5420489469442957,PRUNED,0:00:15.147359,0.0007876860168958043,4,4,3
389,0.01746659353375435,COMPLETE,0:01:04.273599,0.0007916655794222288,4,4,3
390,0.017426583915948868,COMPLETE,0:01:01.717483,0.001816698711469371,4,4,3
391,1.0780580152747452,PRUNED,0:00:03.950234,0.0016533634128048588,4,4,3
392,1.799689426537483,PRUNED,0:00:00.670788,0.0014849027281613042,12,4,3
393,0.017480717971920967,COMPLETE,0:00:59.572987,0.0019377427649750676,4,4,3
394,0.41284169886699495,PRUNED,0:00:17.667776,0.0018930280840467593,11,4,3
395,0.4092184222467682,PRUNED,0:00:17.794143,0.0020225831710480487,11,4,3
396,0.017662614583969116,COMPLETE,0:00:22.314107,0.0019343555309230965,12,4,3
397,1.8294480686602386,PRUNED,0:00:00.682817,0.0014833823105596413,13,4,3
398,0.4854458673488374,PRUNED,0:00:10.619094,0.0034114726100664397,10,4,3
399,1.834260839127725,PRUNED,0:00:00.677664,0.0013055514226947536,12,4,3
400,0.526892954383486,PRUNED,0:00:17.929173,0.0018601108054330543,4,4,3
401,2.089059565440718,PRUNED,0:00:00.487713,0.001008066168738128,18,4,3
402,2.331292223930359,PRUNED,0:00:00.070789,0.0016397376731235637,156,1,3
403,0.4898534822894866,PRUNED,0:00:14.420732,0.0034140370384302143,9,4,3
404,0.630764357184851,PRUNED,0:00:04.511988,0.001107521638329318,8,4,3
405,1.8235913726347912,PRUNED,0:00:00.546309,0.0024901763570046977,19,4,3
406,2.3690792610568385,PRUNED,0:00:02.117375,1.0874617628137922e-06,4,4,3
407,1.787651515868773,PRUNED,0:00:01.045062,0.0010872788334601563,9,4,3
408,2.3092407882213593,PRUNED,0:00:00.093470,0.0033588531014374563,200,4,3
409,1.8362191450595855,PRUNED,0:00:00.498111,0.001475471137372821,15,3,3
410,2.327682661753829,PRUNED,0:00:00.632955,0.00023585436387685307,16,4,3
411,2.341514144952481,PRUNED,0:00:00.367334,0.00023424005493256463,29,4,3
412,1.868545702275108,PRUNED,0:00:00.444063,0.002417723271499478,22,4,3
413,1.8526974228066457,PRUNED,0:00:00.430775,0.002346475687577352,21,4,3
414,2.1590729482246167,PRUNED,0:00:00.292202,0.0023785781451890757,46,4,3
415,0.49142069181549214,PRUNED,0:00:07.702850,0.0029282796472237783,14,4,3
416,0.4001436401968417,PRUNED,0:00:18.116107,0.0037988857974459787,13,4,3
417,1.1175239858419999,PRUNED,0:00:01.398815,0.003763355175745786,13,4,3
418,0.016865717247128487,COMPLETE,0:00:24.886038,0.0029900502616112103,10,4,3
419,0.5375203144658043,PRUNED,0:00:07.008531,0.0015803425959735307,9,4,3
420,0.017376506701111794,COMPLETE,0:00:24.623044,0.0029409910930189897,10,4,3
421,0.4952541035693764,PRUNED,0:00:09.220204,0.003103071130627623,10,4,3
422,2.342999151774815,PRUNED,0:00:00.106163,0.0013693224959078877,222,4,3
423,1.7984711905320485,PRUNED,0:00:00.366761,0.0037130600181595336,25,4,3
424,0.5084402689197719,PRUNED,0:00:10.136405,0.0028596705100113248,10,4,3
425,1.1630651199004867,PRUNED,0:00:01.035296,0.002814065660096713,17,4,3
426,1.0720205551025852,PRUNED,0:00:01.663017,0.001566349169447273,10,4,3
427,0.4801613037143984,PRUNED,0:00:10.864356,0.004943608802422291,12,4,3
428,1.8805860519409179,PRUNED,0:00:00.449393,0.002137911655017011,20,4,3
429,1.7458551069523425,PRUNED,0:00:00.310004,0.005380309971243321,32,4,3
430,1.9186897311255195,PRUNED,0:00:00.700079,0.0012063701575376756,14,4,3
431,1.9095453012769468,PRUNED,0:00:00.610651,0.00123865678254261,14,4,3
432,1.8543613360774132,PRUNED,0:00:00.399476,0.0028573327789127795,24,4,3
433,1.922483959368297,PRUNED,0:00:00.364299,0.002778312531733679,27,4,3
434,0.5231356770697847,PRUNED,0:00:08.301458,0.004600612285950452,9,4,3
435,2.332474152247111,PRUNED,0:00:00.083345,0.004061627153178722,255,4,3
436,1.062282682465227,PRUNED,0:00:01.653283,0.0021396547934586395,10,4,3
437,1.1551835876476915,PRUNED,0:00:00.900229,0.005272738355167967,19,4,3
438,1.043839118424678,PRUNED,0:00:01.607843,0.0017125265689326848,10,4,3
439,1.8190146201848985,PRUNED,0:00:00.559058,0.001739807308660037,15,4,3
440,0.4397931866427904,PRUNED,0:00:15.199468,0.002494944373542975,8,3,3
441,1.8169988854726156,PRUNED,0:00:00.354613,0.0024058252823934163,20,3,3
442,0.5184130466753437,PRUNED,0:00:08.782143,0.004242841431790932,8,4,3
443,0.5220000075316558,PRUNED,0:00:09.384859,0.004672936376255916,8,4,3
444,0.5290872157421164,PRUNED,0:00:08.989163,0.004660372424841185,8,4,3
445,1.9150476276233632,PRUNED,0:00:00.544124,0.0014576838409380468,16,4,3
446,2.2407157678861878,PRUNED,0:00:00.247634,0.0014695904260916635,41,4,3
447,1.8194677660411054,PRUNED,0:00:00.533130,0.002215186667930091,17,4,3
448,1.9141230454811684,PRUNED,0:00:00.388747,0.0023314412734164285,23,4,3
449,0.01745475083589554,COMPLETE,0:01:02.538276,0.0010731729710043176,4,4,3
450,0.4464271558268416,PRUNED,0:00:34.789704,0.0010704317721443681,4,4,3
451,1.8214925328890483,PRUNED,0:00:00.198732,0.0036528462539100245,28,1,3
452,1.7376791826436218,PRUNED,0:00:00.434711,0.0033124133443570244,21,4,3
453,1.7744931150490129,PRUNED,0:00:00.551347,0.0030070180885378044,21,4,3
454,0.017496632412075996,COMPLETE,0:00:16.472259,0.002941812149259304,16,4,3
455,1.05570769242265,PRUNED,0:00:01.062745,0.002841639062618576,17,4,3
456,1.02031224578619,PRUNED,0:00:01.139206,0.0023319334774854887,15,4,3
457,2.2952353273119246,PRUNED,0:00:00.090059,0.006413227486157379,244,4,3
458,2.193832333598818,PRUNED,0:00:00.204694,0.00255353762884997,55,4,3
459,2.0122962715805217,PRUNED,0:00:00.634645,0.0010812183351033226,16,4,3
460,1.9882046530179889,PRUNED,0:00:00.647471,0.0009809220846719593,14,4,3
461,1.9194244589916496,PRUNED,0:00:00.304766,0.0036451155928929322,35,4,3
462,2.367578496103701,PRUNED,0:00:00.318925,5.061236854422235e-05,33,4,3
463,2.3043487955783974,PRUNED,0:00:00.389386,0.000535321328009046,26,4,3
464,2.0068335930506387,PRUNED,0:00:00.383512,0.0019441437149882422,25,4,3
465,2.013882645245256,PRUNED,0:00:00.383834,0.0019795800764662464,26,4,3
466,0.4958882622241256,PRUNED,0:00:10.942033,0.0021199021213610916,9,4,3
467,0.4794911931278885,PRUNED,0:00:30.112742,0.0032085245428099094,4,4,3
468,0.8086920689430929,PRUNED,0:00:06.331535,0.0059942274207405635,4,4,3
469,0.017572909593582153,COMPLETE,0:01:01.660363,0.0013955621802944891,4,4,3
470,1.9742220368566392,PRUNED,0:00:00.488210,0.0014648801213724986,19,4,3
471,1.1177665005559507,PRUNED,0:00:01.327135,0.0036794822503132233,13,4,3
472,0.7970240128737304,PRUNED,0:00:05.917888,0.005740088714587644,4,4,3
473,1.0198767296569322,PRUNED,0:00:04.139232,0.0018265074568101381,4,4,3
474,0.49573201636772557,PRUNED,0:00:11.200065,0.0032405000127506047,9,4,3
475,1.7468234578768411,PRUNED,0:00:00.522393,0.0033167139201284654,20,4,3
476,0.3622453237357347,PRUNED,0:00:18.572399,0.003122881480189151,13,4,3
477,1.8410309625248755,PRUNED,0:00:00.819874,0.0012787143936051604,12,4,3
478,0.5656531588217922,PRUNED,0:00:02.050729,0.002709447065245457,14,4,2
479,1.128107012827185,PRUNED,0:00:00.992692,0.0038247303342115045,19,4,3
480,0.5232059154459225,PRUNED,0:00:09.388992,0.0040179856594268525,8,4,3
481,0.017599305137991905,COMPLETE,0:00:32.621400,0.0023621814675619758,8,4,3
482,2.1235138338345747,PRUNED,0:00:00.318485,0.0016169914721262926,29,4,3
483,0.017428701743483543,COMPLETE,0:00:28.309988,0.0022632486725892055,9,4,3
484,1.0060191758300947,PRUNED,0:00:01.621169,0.0023137438354544947,13,4,3
485,1.99333495778196,PRUNED,0:00:00.493785,0.0016771693845820852,22,4,3
486,0.5643199147876873,PRUNED,0:00:12.632032,0.0006698334059936253,4,4,3
487,1.728811396204907,PRUNED,0:00:00.714123,0.0020513935844261267,13,4,3
488,0.5886756911553362,PRUNED,0:00:05.920767,0.001330369854331874,8,4,3
489,0.5892138959593084,PRUNED,0:00:04.819524,0.0013503246122997606,9,4,3
490,2.2506925601225634,PRUNED,0:00:00.265624,0.001287366634136911,39,4,3
491,1.049331838467035,PRUNED,0:00:00.936715,0.004757596800278943,18,4,3
492,0.017441581934690475,COMPLETE,0:00:30.196743,0.0024554967391749055,8,4,3
493,1.9013169398674599,PRUNED,0:00:00.388262,0.0024125907397134446,23,4,3
494,1.9125146813252394,PRUNED,0:00:00.459442,0.002099586310080676,22,4,3
495,1.88275284795876,PRUNED,0:00:00.475949,0.0018692000815219558,18,4,3
496,2.1363552951812745,PRUNED,0:00:00.337379,0.0016105768858126694,30,4,3
497,2.3349128837386766,PRUNED,0:00:00.306520,0.0003477524325527212,31,4,3
498,0.4465666140867285,PRUNED,0:00:15.027705,0.0025921566334316444,9,4,3
499,0.01742386445403099,COMPLETE,0:00:30.060140,0.0025681034971657747,8,4,3
500,0.5426716665858807,PRUNED,0:00:04.370472,0.002656817322003634,13,4,3
501,0.5160542711256498,PRUNED,0:00:08.232260,0.004223104028264988,9,4,3
502,0.46712719833338134,PRUNED,0:00:10.533548,0.0041112131788542195,16,4,3
503,0.4535495395010168,PRUNED,0:00:07.827986,0.0057207130273508764,17,3,3
504,1.2061834149463202,PRUNED,0:00:01.232725,0.00532168131641727,16,4,3
505,1.2304818910360336,PRUNED,0:00:01.226348,0.006292482376870811,15,4,3
506,0.49733162551156934,PRUNED,0:00:05.649903,0.003898503990863264,16,3,3
507,2.356648734121612,PRUNED,0:00:00.145365,0.00011775813158463322,46,1,3
508,1.7478817151143,PRUNED,0:00:00.423189,0.003923141496415218,23,4,3
509,2.108707555315711,PRUNED,0:00:00.509789,0.0008958692282876227,17,4,3
510,1.7632673834600756,PRUNED,0:00:00.632534,0.0016445613602002265,12,3,3
511,0.6213306104463916,PRUNED,0:00:07.968475,0.003350717277250985,4,4,3
512,1.7467998258272808,PRUNED,0:00:00.475020,0.003311704964592706,20,4,3
513,0.01700728014111519,COMPLETE,0:01:01.671144,0.0018505526004782673,4,4,3
514,0.411030748138024,PRUNED,0:00:53.066906,0.002042358796150795,4,4,3
515,0.01748298481106758,COMPLETE,0:00:59.761505,0.0019424450373866373,4,4,3
516,2.3110157251358032,PRUNED,0:00:00.067715,0.001828063899446073,164,4,2
517,1.0009120174793786,PRUNED,0:00:04.029989,0.002810654225678922,4,4,3
518,0.016730809584259987,COMPLETE,0:00:59.187356,0.0028728982841464018,4,4,3
519,2.36702920856147,PRUNED,0:00:00.344098,1.097291432501314e-05,26,4,3
520,1.7275670992751275,PRUNED,0:00:00.783154,0.0018320000591150404,12,4,3
521,1.744124763434933,PRUNED,0:00:00.695371,0.0017759231109191528,12,4,3
522,7.175899987037365,PRUNED,0:00:00.181575,0.0722468491152071,59,4,3
523,0.5549050903608722,PRUNED,0:00:04.032324,0.0021178488112330745,12,4,3
524,1.9449964193197398,PRUNED,0:00:00.416707,0.0020722937155330918,23,4,3
525,1.2343736492535646,PRUNED,0:00:00.811458,0.007123070154956053,22,4,3
526,0.5088496253073934,PRUNED,0:00:11.194292,0.0029933236199695843,9,4,3
527,0.49825143392186566,PRUNED,0:00:11.035923,0.0028011680527869707,9,4,3
528,1.1007098985775825,PRUNED,0:00:01.336292,0.004882323998535995,12,4,3
529,1.8052138152622408,PRUNED,0:00:00.704788,0.00145574660236306,12,4,3
530,2.12773144032274,PRUNED,0:00:00.355916,0.0014569810871160847,27,4,3
531,1.7857484857241313,PRUNED,0:00:00.442248,0.002937088184120759,20,4,3
532,1.7140268970684833,PRUNED,0:00:00.481339,0.0029893858702409164,18,4,3
533,1.7390005351394735,PRUNED,0:00:01.060763,0.0010924391654810136,8,4,3
534,1.7641566424600539,PRUNED,0:00:01.021591,0.0010232968147384411,8,4,3
535,1.0354105371941802,PRUNED,0:00:04.090674,0.002092160167400242,4,4,3
536,1.0199138703205253,PRUNED,0:00:04.070328,0.0035139139077139474,4,4,3
537,1.9621016681194305,PRUNED,0:00:00.268381,0.003684394995480346,38,4,3
538,1.8880976676940917,PRUNED,0:00:00.270595,0.004917110237923234,38,4,3
539,1.2008005777994792,PRUNED,0:00:01.082942,0.004806618032045261,16,4,3
540,0.5552332639415688,PRUNED,0:00:03.615153,0.002567721049499184,14,4,3
541,0.4440113850261854,PRUNED,0:00:12.564879,0.002583821289308943,13,4,3
542,2.090148444359119,PRUNED,0:00:00.330091,0.0017654019310157905,29,4,3
543,0.5346551169858915,PRUNED,0:00:04.532635,0.002485839848181337,14,4,3
544,1.7196742340783093,PRUNED,0:00:00.619876,0.002312327714719499,14,4,3
545,2.27003147204717,PRUNED,0:00:00.141705,0.0015437338127394682,50,1,3
546,2.073737156223243,PRUNED,0:00:00.438176,0.0012654425983570064,21,4,3
547,0.01718251220881939,COMPLETE,0:00:19.641081,0.0021881066187335557,13,4,3
548,1.8602098513798542,PRUNED,0:00:00.493813,0.002018457905373279,18,4,3
549,1.7529098997192998,PRUNED,0:00:00.400147,0.004063252458067869,24,4,3
550,0.609771570886474,PRUNED,0:00:04.533098,0.006677381857517835,9,4,3
551,0.5911556100809431,PRUNED,0:00:04.650997,0.001972294922110193,9,4,3
552,2.315469590100375,PRUNED,0:00:00.109422,0.0017044034734041984,143,4,3
553,1.0364266672842606,PRUNED,0:00:03.975488,0.0008520905068582068,4,4,3
554,0.6242460488111422,PRUNED,0:00:08.254134,0.003717116959995756,4,4,3
555,1.899196754331174,PRUNED,0:00:00.306533,0.003441323830147975,33,4,3
556,2.039289000668103,PRUNED,0:00:00.484690,0.0012317118868441065,19,4,3
557,2.0526159763336183,PRUNED,0:00:00.493460,0.0012603287104313273,20,4,3
558,0.5901073045147363,PRUNED,0:00:05.057959,0.005672014744151457,8,4,3
559,1.193201032280922,PRUNED,0:00:00.817102,0.005599752074168804,25,4,3
560,0.9976948561367168,PRUNED,0:00:01.038859,0.0017323210987651412,8,4,2
561,0.7882525439384163,PRUNED,0:00:06.056233,0.004254994366182444,4,4,3
562,1.9176022581432177,PRUNED,0:00:00.647504,0.04738167236412944,13,4,3
563,1.7148533090301181,PRUNED,0:00:00.669949,0.0020954682824400016,13,4,3
564,1.8102403208613396,PRUNED,0:00:00.523951,0.0022682319023517848,17,4,3
565,0.017502177506685257,COMPLETE,0:00:14.871135,0.0030790323689910723,18,4,3
566,1.9183727502822876,PRUNED,0:00:00.363313,0.0028653353059445792,27,4,3
567,0.48297715052423706,PRUNED,0:00:13.771535,0.004386621410637188,9,4,3
568,1.741352980627733,PRUNED,0:00:00.787107,0.0015588215429209562,11,4,3
569,0.01734926924109459,COMPLETE,0:00:28.720851,0.0016711277782945377,9,4,3
570,2.2364336983362834,PRUNED,0:00:00.457634,0.000699274200364511,20,4,3
571,0.5140913163301766,PRUNED,0:00:09.348669,0.003121583507102054,8,4,3
572,1.933119116059269,PRUNED,0:00:00.490487,0.0015615122084821859,18,4,3
573,1.7533419191837312,PRUNED,0:00:00.402241,0.004357129669208339,25,4,3
574,0.49952961576272203,PRUNED,0:00:10.557583,0.0025806033272326276,9,4,3
575,0.666141891733129,PRUNED,0:00:00.849999,0.007894037503874712,32,4,3
576,0.017389094457030296,COMPLETE,0:01:03.335052,0.0020731096526549744,4,4,3
577,1.009237054775479,PRUNED,0:00:04.021968,0.0023319675466929703,4,4,3
578,0.5604223142499509,PRUNED,0:00:04.192236,0.002548209501217992,13,4,3
579,1.7880147890509845,PRUNED,0:00:00.602503,0.001809988181968078,14,4,3
580,1.9289322956915824,PRUNED,0:00:00.691702,0.0009726231121116422,12,4,3
581,0.5139575693631332,PRUNED,0:00:07.423703,0.0027199228453331768,10,4,3
582,2.3151238483767353,PRUNED,0:00:00.451084,0.00041850321389526866,24,4,3
583,0.3574276969106083,PRUNED,0:00:29.442215,0.00158041468880648,9,4,3
584,0.4122532546858896,PRUNED,0:00:13.867868,0.003376520134784928,17,4,3
585,0.584893456406214,PRUNED,0:00:02.854924,0.003190376772968104,17,4,3
586,2.294607745276557,PRUNED,0:00:00.100143,0.0032767121470095016,181,4,3
587,1.9912140369415283,PRUNED,0:00:00.541481,0.0012422112288322563,17,4,3
588,1.745828049283632,PRUNED,0:00:00.419039,0.0032272468575746424,21,4,3
589,0.55415720501578,PRUNED,0:00:05.670694,0.0014908146594349377,9,4,3
590,1.0257537086163797,PRUNED,0:00:01.421963,0.003775231105391603,12,4,3
591,0.49293071211102496,PRUNED,0:00:10.591341,0.004088961026628112,9,4,3
592,2.3074451982975006,PRUNED,0:00:00.110673,0.0037896429674709278,198,4,3
593,1.7593717918946192,PRUNED,0:00:00.224475,0.005062051950981854,29,1,3
594,0.6021623350231045,PRUNED,0:00:04.635209,0.00682917235973323,9,4,3
595,1.0812614356638284,PRUNED,0:00:02.091771,0.0067433515303293,8,4,3
596,1.0597612646222114,PRUNED,0:00:00.639626,0.00447993739933739,15,4,2
597,1.7065616233248107,PRUNED,0:00:00.274398,0.00453536587395376,21,4,2
598,0.9861827355164748,PRUNED,0:00:00.815517,0.004709432947725268,23,4,3
599,1.8426706925244398,PRUNED,0:00:00.432705,0.002467519794896509,21,4,3
600,2.3471773862838745,PRUNED,0:00:00.091441,0.0001874543030537,211,4,3
601,1.8689315453652413,PRUNED,0:00:00.333285,0.002576018419428617,24,3,3
602,0.017614642158150673,COMPLETE,0:00:13.732318,0.00326373492749033,15,3,3
603,0.4370265942747875,PRUNED,0:00:10.124582,0.0030995842670059,16,4,3
604,1.0835259203041825,PRUNED,0:00:01.246864,0.00341684700668499,14,4,3
605,2.3029053688049315,PRUNED,0:00:00.106180,0.003370178482722838,150,4,3
606,1.7577479124069213,PRUNED,0:00:00.581828,0.002109978946020158,15,4,3
607,1.7599206214310021,PRUNED,0:00:00.605131,0.0022386584755505,16,4,3
608,0.4898507480098996,PRUNED,0:00:26.174731,0.0027534692481976375,4,4,3
609,1.9610582336466362,PRUNED,0:00:00.307494,0.0028264629022335137,32,4,3
610,0.6140278067279566,PRUNED,0:00:08.242740,0.0035570800230997693,4,4,3
611,0.8178511191840454,PRUNED,0:00:06.596475,0.005759208213597764,4,4,3
612,2.2554072245307593,PRUNED,0:00:00.202976,0.002169684698510605,67,4,3
613,0.853144657147187,PRUNED,0:00:06.586513,0.005988042741987834,4,4,3
614,0.3916076887198674,PRUNED,0:00:27.707209,0.0025451140330210956,8,4,3
615,0.4790606012227394,PRUNED,0:00:27.044908,0.002493867628125795,4,4,3
616,0.4755095705828246,PRUNED,0:00:11.645557,0.0025930203377854256,11,4,3
617,1.952840005909955,PRUNED,0:00:00.360768,0.0025924041343397194,28,4,3
618,1.0138314333470428,PRUNED,0:00:01.548927,0.0019432837228204954,11,4,3
619,1.009913056212313,PRUNED,0:00:01.479175,0.0017657106160622207,11,4,3
620,1.0651076466563236,PRUNED,0:00:01.778201,0.0015382569718856286,9,4,3
621,0.6084333863309634,PRUNED,0:00:04.028751,0.0015098959697267577,8,4,3
622,1.842881679534912,PRUNED,0:00:00.544108,0.0024772484687669545,21,4,3
623,1.7751466096883797,PRUNED,0:00:00.886479,0.001131087426254011,9,4,3
624,2.2101136488573894,PRUNED,0:00:00.193769,0.002243971774909519,54,4,3
625,1.788398638367653,PRUNED,0:00:00.341521,0.004252064520744171,27,4,3
626,1.161450830441487,PRUNED,0:00:00.992484,0.009167720127827796,19,4,3
627,1.7725869039945965,PRUNED,0:00:00.550646,0.002974512464962653,19,4,3
628,1.1577448573293565,PRUNED,0:00:00.904772,0.009556019849451328,19,4,3
629,2.1719355004174368,PRUNED,0:00:00.253862,0.002044190104644232,43,4,3
630,0.6889240300903717,PRUNED,0:00:06.233628,0.005481856854995517,4,4,3
631,1.0352756272191588,PRUNED,0:00:01.403186,0.00541044924143753,13,4,3
632,0.587348168829213,PRUNED,0:00:03.216065,0.0026895475750141526,13,4,3
633,0.6124042770136957,PRUNED,0:00:02.808098,0.0025557104386767547,13,4,3
634,0.5133195263483832,PRUNED,0:00:09.114043,0.00379630686649903,8,4,3
635,1.9655364463406224,PRUNED,0:00:00.534103,0.0020525899841886933,24,4,3
636,2.1408625721931456,PRUNED,0:00:00.388420,0.0012939475395553476,25,4,3
637,1.1263926968138704,PRUNED,0:00:04.040298,0.003931114589287739,4,4,3
638,1.0316006183944724,PRUNED,0:00:04.280758,0.004635633155144676,4,4,3
639,0.6181426473682926,PRUNED,0:00:08.224813,0.003859095283598789,4,4,3
640,1.8565584674794624,PRUNED,0:00:00.290984,0.003959939547720512,32,4,3
641,0.5526493007457385,PRUNED,0:00:06.131570,0.0018594466178239362,8,4,3
642,1.8377950588862102,PRUNED,0:00:00.554369,0.0018440338928599166,16,4,3
643,1.8057096636295318,PRUNED,0:00:00.617760,0.0018253504117040004,15,4,3
644,2.2870074621466703,PRUNED,0:00:00.275678,0.0008456880971569549,35,4,3
645,1.6996551768113208,PRUNED,0:00:01.032275,0.001269796348447315,8,4,3
646,1.720958242172836,PRUNED,0:00:01.100538,0.0011886598958611044,8,4,3
647,2.3642849095662437,PRUNED,0:00:00.522447,2.2847288638438403e-05,20,4,3
648,1.7836651508624737,PRUNED,0:00:00.448253,0.0033169302746581504,23,4,3
649,0.43598124760648477,PRUNED,0:00:13.216613,0.0032876369845614667,13,4,3
650,1.7075622444567473,PRUNED,0:00:00.766914,0.002259848084685739,13,4,3
651,0.9847139543102633,PRUNED,0:00:01.447076,0.007460612083732021,12,4,3
652,1.1806502777597179,PRUNED,0:00:01.253745,0.007827932713960088,13,4,3
653,1.7190055078075779,PRUNED,0:00:00.344441,0.0029795876348080643,16,1,3
654,2.1685579013824463,PRUNED,0:00:00.124897,0.0030449237686919093,61,1,3
655,2.1034965153251375,PRUNED,0:00:00.374677,0.0015639651441933557,27,4,3
656,0.5891967058540827,PRUNED,0:00:04.732910,0.0020484780406249863,9,4,3
657,2.3688207268714905,PRUNED,0:00:01.179052,2.402150706893538e-06,8,4,3
658,1.8722068403340593,PRUNED,0:00:00.517125,0.0021275450464846232,19,4,3
659,1.8618517389780358,PRUNED,0:00:00.474692,0.0022086023629944223,19,4,3
660,0.535961941966126,PRUNED,0:00:05.679542,0.002371468764433492,12,4,3
661,2.3124440738133023,PRUNED,0:00:00.085090,0.005001279459960449,230,4,3
662,2.3693083178612495,PRUNED,0:00:00.722540,1.9525111703992515e-06,12,4,3
663,1.8588306235375804,PRUNED,0:00:00.672888,0.0014373164305485763,14,4,3
664,2.032693443759795,PRUNED,0:00:00.560948,0.001028617047511704,16,4,3
665,2.2997457442745084,PRUNED,0:00:00.248015,0.0009729442684573009,48,3,3
666,1.829506771529422,PRUNED,0:00:00.508716,0.002733675375090111,22,4,3
667,1.8685700031427237,PRUNED,0:00:00.443233,0.0026470953517303466,23,4,3
668,2.124369305592996,PRUNED,0:00:00.308280,0.0016871502028634325,28,4,2
669,0.45276558887894436,PRUNED,0:00:10.099324,0.0017777440699224926,8,4,2
670,0.7258512037255431,PRUNED,0:00:06.609182,0.00332473539788684,4,4,3
671,0.5150004855121475,PRUNED,0:00:08.392883,0.0037159737458078005,9,4,3
672,1.9669944367757657,PRUNED,0:00:00.270974,0.0035748634507053964,37,4,3
673,0.4905558347921161,PRUNED,0:00:08.206939,0.0051297437931969335,11,4,3
674,0.5847472896979701,PRUNED,0:00:03.523020,0.004796108637051181,12,4,3
675,1.123785286821345,PRUNED,0:00:01.113063,0.004660689999359282,16,4,3
676,0.4922900646123835,PRUNED,0:00:25.060318,0.0032571760493851237,4,4,3
677,0.01728641428053379,COMPLETE,0:00:29.422539,0.003412435076975571,8,4,3
678,1.9844650259937149,PRUNED,0:00:00.505830,0.0013333486163216951,18,4,3
679,0.5845214722137297,PRUNED,0:00:05.173250,0.0016276869363318707,8,4,3
680,2.132125823497772,PRUNED,0:00:00.318812,0.0016286002664735635,30,4,3
681,1.0190083731540898,PRUNED,0:00:01.627601,0.006267892829516869,10,4,3
682,1.92212674483447,PRUNED,0:00:00.461046,0.001935536642933146,21,4,3
683,0.6170292610631269,PRUNED,0:00:02.041685,0.005425957228357653,22,4,3
684,1.9821690513807184,PRUNED,0:00:00.423606,0.001737088759892503,22,4,3
685,2.2806178548119287,PRUNED,0:00:00.168374,0.0017604775049174413,70,4,3
686,2.2751251828502603,PRUNED,0:00:00.442799,0.0005851713275808704,21,4,3
687,2.191991100257093,PRUNED,0:00:00.433356,0.0006301410167230148,17,3,3
688,1.7114661551383605,PRUNED,0:00:00.509297,0.002983770951900477,18,4,3
689,0.5165134801339077,PRUNED,0:00:04.598538,0.0028485376238680375,16,4,3
690,0.486385287276359,PRUNED,0:00:28.808906,0.002971841064440021,4,4,3
691,2.3017298958518286,PRUNED,0:00:00.110098,0.0029829390784239587,137,4,3
692,1.7530468939453043,PRUNED,0:00:00.539153,0.0023034610291040097,16,4,3
693,1.7095301308298623,PRUNED,0:00:01.045826,0.0012276200220993838,8,4,3
694,1.811832538672856,PRUNED,0:00:00.339433,0.003980524724346528,27,4,3
695,2.3431897461414337,PRUNED,0:00:00.091075,0.001263366273181309,191,4,3
696,0.4429298529341336,PRUNED,0:00:30.785381,0.0014049191921090697,4,4,3
697,0.01745769940316677,COMPLETE,0:00:59.473248,0.0014609435789492585,4,4,3
698,0.4715375351489231,PRUNED,0:00:14.800267,0.0024597815730026122,8,4,3
699,7.645910923198987,PRUNED,0:00:02.169055,0.09286541541984843,4,4,3
700,1.7015063767847807,PRUNED,0:00:00.650927,0.0022422847812272723,13,4,3
701,1.7158790158334178,PRUNED,0:00:00.639236,0.002221496128358967,14,4,3
702,1.0630561152613291,PRUNED,0:00:03.856879,0.004210002503385819,4,4,3
703,0.4949445492157372,PRUNED,0:00:11.188684,0.00411326669998713,8,4,3
704,0.5222347170434972,PRUNED,0:00:08.968655,0.0034240574973787414,8,4,3
705,0.5838653064788656,PRUNED,0:00:01.537952,0.0066356163902507705,32,4,3
706,1.0169142643953193,PRUNED,0:00:00.707846,0.0063682903502295845,26,4,3
707,2.361703785982999,PRUNED,0:00:00.313668,5.5605820195569814e-05,34,4,3
708,1.8287289505419524,PRUNED,0:00:00.672095,0.0014820321268214248,13,4,3
709,1.8072996476004202,PRUNED,0:00:00.694766,0.001446194203473097,12,4,3
710,1.8350411829741105,PRUNED,0:00:00.667302,0.0014535184736331546,13,4,3
711,1.7141084522008896,PRUNED,0:00:00.534249,0.0029025661847387166,17,4,3
712,1.0594014172111788,PRUNED,0:00:03.892170,0.0008430109754025893,4,4,3
713,2.2888587647014194,PRUNED,0:00:00.252938,0.001021974481748626,42,4,3
714,2.1537151529982284,PRUNED,0:00:00.251295,0.0021279494544677625,41,4,3
715,1.0348492911265743,PRUNED,0:00:03.984561,0.002179328448892436,4,4,3
716,1.0294170382843222,PRUNED,0:00:03.764833,0.0030031564697424436,4,4,3
717,1.9246024797702659,PRUNED,0:00:00.353251,0.0026585706096764706,26,4,3
718,1.86176811499768,PRUNED,0:00:00.487446,0.001995720959929707,18,4,3
719,0.5890021568536759,PRUNED,0:00:02.105619,0.004004535999922772,20,4,3
720,1.0950881359697897,PRUNED,0:00:00.937052,0.004270983726865643,19,4,3
721,1.0541703258367146,PRUNED,0:00:01.223445,0.004094509599283517,11,3,3
722,2.2796427256920757,PRUNED,0:00:00.776977,0.0002994583634699954,11,4,3
723,1.987615200781053,PRUNED,0:00:00.378967,0.001932141824258866,24,4,3
724,1.0566652943211865,PRUNED,0:00:01.755879,0.007741580853093121,9,4,3
725,1.1217910518129188,PRUNED,0:00:01.785612,0.00508371114808071,9,4,3
726,2.024062567287021,PRUNED,0:00:00.201258,0.0048066945870942,56,4,3
727,0.6123893306974102,PRUNED,0:00:03.757484,0.007505957157498373,11,4,3
728,0.5061347222920641,PRUNED,0:00:09.433249,0.0025820019943706956,9,4,3
729,0.5592911656362465,PRUNED,0:00:05.120284,0.005783066169197154,9,4,3
730,0.017181720584630966,COMPLETE,0:00:29.507236,0.0026316623453759742,8,4,3
731,0.480018990014189,PRUNED,0:00:15.283998,0.002689527527178681,8,4,3
732,1.905526020526886,PRUNED,0:00:00.564285,0.0013485732148771105,15,4,3
733,0.4932468424001372,PRUNED,0:00:09.481063,0.0024782038598862226,9,4,3
734,0.4901175687471068,PRUNED,0:00:09.384912,0.002596018603799006,9,4,3
735,2.3671673805817313,PRUNED,0:00:00.633529,7.686909618951815e-06,13,4,3
736,0.5826814145010005,PRUNED,0:00:04.829505,0.002525719855768232,8,4,3
737,1.0017231145501138,PRUNED,0:00:01.096986,0.003437166472228947,15,4,3
738,0.5875773526808267,PRUNED,0:00:04.858209,0.0017419844426490277,8,4,3
739,1.7883341524088494,PRUNED,0:00:00.595264,0.0018074253023223576,14,4,3
740,0.44904852498282666,PRUNED,0:00:30.610885,0.0011553272164667784,4,4,3
741,2.338219702243805,PRUNED,0:00:00.109547,0.0010963571023961019,127,4,3
742,2.275148794054985,PRUNED,0:00:00.084763,0.0037817718351095173,95,4,2
743,0.9963565167560372,PRUNED,0:00:03.776132,0.0018681996111309925,4,4,3
744,1.0009732243594944,PRUNED,0:00:03.739389,0.0033810566590809564,4,4,3
745,0.493204236951887,PRUNED,0:00:24.465888,0.0033027665578649877,4,4,3
746,1.1479807089675556,PRUNED,0:00:00.969687,0.003467140699780215,17,4,3
747,0.585183480900267,PRUNED,0:00:03.089204,0.0031355543557984554,13,4,3
748,0.5927262027561665,PRUNED,0:00:02.866798,0.00532400967857305,15,4,3
749,1.7334055092847236,PRUNED,0:00:00.586122,0.0021099241801333882,14,4,3
750,0.594603834549586,PRUNED,0:00:02.053686,0.00534374811706365,20,4,3
751,1.9173921747742413,PRUNED,0:00:00.576569,0.0012129564131348359,14,4,3
752,2.2958737711111703,PRUNED,0:00:00.180217,0.0014030703607367228,64,4,3
753,2.1549339852025433,PRUNED,0:00:00.233313,0.001150191830586997,24,1,3
754,2.149809186275189,PRUNED,0:00:00.408494,0.0011292821277981964,23,4,3
755,0.48261865006098825,PRUNED,0:00:24.492703,0.0016503596399143569,4,4,3
756,1.0019176153325906,PRUNED,0:00:03.794632,0.010019750851886835,4,4,3
757,1.0246044217098145,PRUNED,0:00:03.979804,0.0021796489669416814,4,4,3
758,2.291990359624227,PRUNED,0:00:00.156796,0.0017255563325456475,74,4,3
759,1.795863476144262,PRUNED,0:00:00.405050,0.0022119957515956516,18,3,3
760,2.2130941222695744,PRUNED,0:00:00.144791,0.004170624278329999,88,4,3
761,2.105398573658683,PRUNED,0:00:00.441119,0.000808068875236148,17,3,3
762,0.5121164450093227,PRUNED,0:00:06.398826,0.0028998197968324443,11,4,3
763,1.056963685374932,PRUNED,0:00:01.666408,0.0016720309073513936,10,4,3
764,0.5288835689425468,PRUNED,0:00:05.573824,0.002850531867538178,12,4,3
765,0.47261341996240935,PRUNED,0:00:11.837365,0.003552370888362646,10,4,3
766,0.5122513541531178,PRUNED,0:00:08.686034,0.004252155015785231,8,4,3
767,0.5541374145816731,PRUNED,0:00:11.995501,0.0038626501292427767,4,4,3
768,0.5551559622159027,PRUNED,0:00:06.834703,0.004361718971483484,7,4,3
769,2.2746903896331787,PRUNED,0:00:00.099526,0.004266062183769161,162,4,3
770,1.1372974177440964,PRUNED,0:00:01.710950,0.0060541135695764,9,4,3
771,0.5141473202615656,PRUNED,0:00:08.577196,0.003527418936128165,8,4,3
772,0.01732635498046875,COMPLETE,0:00:23.416728,0.0034919430692092342,10,4,3
773,2.353229079927717,PRUNED,0:00:00.082495,0.00047206101027029304,247,4,3
774,0.5549591518938541,PRUNED,0:00:04.070634,0.0023513322944092425,12,4,3
775,1.7029275857883952,PRUNED,0:00:00.648367,0.0022880786311167372,13,4,3
776,0.6287418004245527,PRUNED,0:00:07.891436,0.0028215263098036536,4,4,3
777,1.8859966450099703,PRUNED,0:00:00.451407,0.001966745160505634,19,4,3
778,0.4372484794146912,PRUNED,0:00:18.658609,0.002918478447088011,8,4,3
779,2.1375259660905406,PRUNED,0:00:00.217539,0.0026327155458492025,49,4,3
780,0.5832921708783796,PRUNED,0:00:03.474786,0.0030015793678832814,12,4,3
781,1.9306122591862311,PRUNED,0:00:00.190906,0.0031034263956972136,29,4,2
782,0.9757161238654093,PRUNED,0:00:00.956242,0.0032358913121687564,17,4,3
783,2.2233063181241355,PRUNED,0:00:00.119686,0.005885299881231793,132,4,3
784,1.8508759459311313,PRUNED,0:00:00.524674,0.001955441361656045,17,4,3
785,0.4997608041368335,PRUNED,0:00:09.998079,0.003425950240920599,9,4,3
786,0.49319567769227257,PRUNED,0:00:09.441738,0.004860593137467511,9,4,3
787,0.512671132672982,PRUNED,0:00:08.379341,0.004628859597634743,9,4,3
788,1.130044810384153,PRUNED,0:00:01.723223,0.007658365627918256,9,4,3
789,1.887466634021086,PRUNED,0:00:00.399379,0.002298556237171133,22,4,3
790,1.0363648635829055,PRUNED,0:00:01.627260,0.00748213897201745,10,4,3
791,1.109894944128589,PRUNED,0:00:01.171123,0.004895391916699623,14,4,3
792,0.017321689054369926,COMPLETE,0:00:26.323843,0.00165409971137786,9,4,3
793,1.9383637762069703,PRUNED,0:00:00.443849,0.0017553155557253292,20,4,3
794,1.8262527206669683,PRUNED,0:00:00.640581,0.0014940633383364787,13,4,3
795,2.004619607925415,PRUNED,0:00:00.316031,0.0024185626028371205,30,4,3
796,1.78865437481993,PRUNED,0:00:01.005235,0.0009444142478173076,8,4,3
797,1.6983631589720327,PRUNED,0:00:00.377363,0.004881452192389432,24,4,3
798,2.3276193141937256,PRUNED,0:00:00.095863,0.0020719048232851964,172,4,3
799,1.8688083815574645,PRUNED,0:00:00.570375,0.001501853874855307,15,4,3
800,0.017537899315357208,COMPLETE,0:00:30.045042,0.0036612128470766446,8,4,3
801,0.42651992982410525,PRUNED,0:00:11.880769,0.003532350339429026,18,4,3
802,2.0740594253307436,PRUNED,0:00:00.265688,0.002509337200332348,37,4,3
803,1.8858879057757825,PRUNED,0:00:00.493278,0.001850739713886412,18,4,3
804,1.88710280642452,PRUNED,0:00:00.510665,0.0018381522567680803,18,4,3
805,0.3968752024955647,PRUNED,0:00:13.686685,0.0038266148719189475,16,4,3
806,1.072900791271873,PRUNED,0:00:01.329648,0.0037382998693541976,13,4,3
807,0.6076603858701645,PRUNED,0:00:08.150391,0.002474218507094039,4,4,3
808,1.9397548854351043,PRUNED,0:00:00.367251,0.0023778251647616384,25,4,3
809,1.5381399434740826,PRUNED,0:00:03.915983,0.0063833857069595995,4,4,3
810,0.9563971520824865,PRUNED,0:00:00.960625,0.003720388180502927,17,4,3
811,0.604881713495535,PRUNED,0:00:01.918261,0.005789010578481947,22,4,3
812,1.1970385951055607,PRUNED,0:00:00.824539,0.012142628860169018,21,4,3
813,1.1706190860789756,PRUNED,0:00:00.740862,0.005421757041493495,13,1,3
814,1.7120066835330083,PRUNED,0:00:00.202690,0.006251052371660714,29,1,3
815,0.47503286586186594,PRUNED,0:00:08.705426,0.004584148982855462,14,4,3
816,1.013989427983761,PRUNED,0:00:01.183963,0.0040825668836873006,15,4,3
817,0.49798035044823924,PRUNED,0:00:07.368597,0.004174154838094693,12,4,3
818,2.0106874062464786,PRUNED,0:00:00.156175,0.0042879083953986305,59,3,3
819,0.5611321134411771,PRUNED,0:00:02.029527,0.003897689989634271,13,4,2
820,0.5360175105540649,PRUNED,0:00:04.642445,0.002921119329156055,13,4,3
821,0.4920823742826301,PRUNED,0:00:09.424787,0.002927670062173446,9,4,3
822,0.502142596900104,PRUNED,0:00:10.892777,0.0029187936383599164,9,4,3
823,2.359733251474237,PRUNED,0:00:01.032116,2.826553345247363e-05,8,4,3
824,1.8506730525724349,PRUNED,0:00:00.390496,0.0029181479655551053,24,4,3
825,2.020903786023458,PRUNED,0:00:00.149552,0.00911110196293006,83,4,3
826,0.5180869978145662,PRUNED,0:00:08.245026,0.003067819332424729,9,4,3
827,0.5859593990188773,PRUNED,0:00:04.876771,0.001396492271717753,8,4,3
828,0.4916759853262499,PRUNED,0:00:09.434114,0.002882376981014888,9,4,3
829,1.8832515567900188,PRUNED,0:00:00.889717,0.0007974841820338959,9,4,3
830,0.4517081995965332,PRUNED,0:00:30.135690,0.0013235323843917466,4,4,3
831,2.0302560059229533,PRUNED,0:00:00.311553,0.0013117871369754703,20,2,3
832,0.4485446019999443,PRUNED,0:00:30.696215,0.0010576538394504319,4,4,3
833,0.5531307208922601,PRUNED,0:00:11.446481,0.00166849951427061,4,4,3
834,0.9830499841401013,PRUNED,0:00:03.904479,0.0018676554461310535,4,4,3
835,1.0137950259270847,PRUNED,0:00:04.134977,0.0010052477771286064,4,4,3
836,0.3862055684890478,PRUNED,0:00:48.361350,0.0016878231952756873,4,4,3
837,2.0772174189362347,PRUNED,0:00:00.482574,0.0011092654991723158,19,4,3
838,1.9361776056059872,PRUNED,0:00:00.480409,0.001541809642151521,18,4,3
839,1.8405924147367478,PRUNED,0:00:00.571299,0.0016388854795739776,15,4,3
840,1.7523581964947352,PRUNED,0:00:00.614037,0.0020203805960253467,14,4,3
841,1.0894363170830152,PRUNED,0:00:03.913206,0.0009384120220734882,4,4,3
842,2.1683342392955507,PRUNED,0:00:00.342559,0.0012829788770822976,27,4,3
843,1.97612397869428,PRUNED,0:00:00.379818,0.002115608822819974,25,4,3
844,0.9483461952017199,PRUNED,0:00:03.856989,0.002096661516895491,4,4,3
845,1.0801743749649293,PRUNED,0:00:03.989696,0.0007171185313981198,4,4,3
846,0.5253010424635103,PRUNED,0:00:05.421549,0.002251472716815217,12,4,3
847,1.835217390104989,PRUNED,0:00:00.609851,0.001579281529775126,14,4,3
848,1.7033502018969993,PRUNED,0:00:00.651908,0.0023001636954971877,13,4,3
849,0.5258329279961125,PRUNED,0:00:05.521985,0.002332449713625388,12,4,3
850,1.864363670349121,PRUNED,0:00:00.411136,0.002405042029142025,22,4,3
851,1.8511583469283412,PRUNED,0:00:00.413337,0.00237347175676704,21,4,3
852,1.9660676416144314,PRUNED,0:00:00.489750,0.0014030720602205863,18,4,3
853,1.8173330536773127,PRUNED,0:00:00.445988,0.001332248620589629,12,2,3
854,1.722475050437835,PRUNED,0:00:00.562751,0.0018559786546764759,12,3,3
855,1.7244587809808793,PRUNED,0:00:00.666064,0.0018911213419724507,12,4,3
856,2.1184834941573767,PRUNED,0:00:00.302044,0.0018891664669843185,33,4,3
857,1.7437995848330585,PRUNED,0:00:00.504910,0.002693961948978643,17,4,3
858,1.7614066350189121,PRUNED,0:00:00.515333,0.0025338180376731577,17,4,3
859,0.01731742173433304,COMPLETE,0:00:28.582737,0.0024534213798416593,8,4,3
860,1.793698288590075,PRUNED,0:00:00.484129,0.0011245952630987409,9,4,2
861,0.5833912248252541,PRUNED,0:00:05.051424,0.0016223611810574946,8,4,3
862,0.5522040104673754,PRUNED,0:00:05.986499,0.0015548619866350337,8,4,3
863,1.9418370489792158,PRUNED,0:00:01.037004,0.0349622036111032,8,4,3
864,1.8777751963714073,PRUNED,0:00:00.368857,0.003327972997600401,26,4,3
865,1.9913761666123295,PRUNED,0:00:00.431754,0.0015917998863843286,21,4,3
866,0.6083119997894892,PRUNED,0:00:04.077982,0.0014089437601413183,8,4,3
867,1.6893115422942422,PRUNED,0:00:00.507546,0.0031472181765651946,17,4,3
868,1.7453042775033467,PRUNED,0:00:00.901351,0.001224627862324643,9,4,3
869,2.318443843296596,PRUNED,0:00:00.084085,0.001961071782094375,236,4,3
870,0.4797388882806865,PRUNED,0:00:29.356884,0.0026666353058900005,4,4,3
871,1.0494894612059797,PRUNED,0:00:03.999229,0.0026772767611771666,4,4,3
872,1.688085183020561,PRUNED,0:00:00.549764,0.002820206995575399,16,4,3
873,1.015612754289822,PRUNED,0:00:04.009644,0.003440948675387951,4,4,3
874,2.3493253744565523,PRUNED,0:00:00.399018,0.00014358044885090306,23,4,3
875,1.8238242131013136,PRUNED,0:00:00.229886,0.003641170594191284,29,2,3
876,1.702510961601811,PRUNED,0:00:00.691630,0.0020573898876897053,12,4,3
877,2.1534171517690024,PRUNED,0:00:00.437155,0.0009456170713581494,20,4,3
878,2.1260925172323204,PRUNED,0:00:00.505048,0.0009126099714034738,18,4,3
879,1.7228805333375932,PRUNED,0:00:00.571140,0.002345219217464109,15,4,3
880,0.5569033353225045,PRUNED,0:00:04.023329,0.0024119783102166865,13,4,3
881,1.755731769748356,PRUNED,0:00:00.667200,0.0018767604544802177,13,4,3
882,2.323011636734009,PRUNED,0:00:00.103498,0.0025822211749399995,154,4,3
883,2.3694478856619967,PRUNED,0:00:01.004706,1.1484124404116488e-06,8,4,3
884,0.488525577158813,PRUNED,0:00:10.330183,0.003417231348483752,9,4,3
885,2.3552805056938757,PRUNED,0:00:00.402884,9.426531971436256e-05,23,4,3
886,1.7606851146771358,PRUNED,0:00:00.325587,0.003534928639086241,23,3,3
887,0.49171732585219774,PRUNED,0:00:08.012130,0.0036354022007972337,11,4,3
888,0.5874443418316303,PRUNED,0:00:03.276196,0.002176268269842809,12,4,3
889,0.5968166948022211,PRUNED,0:00:03.741527,0.004634840667498527,11,4,3
890,0.5941478546304875,PRUNED,0:00:04.370744,0.004737878202817659,9,4,3
891,2.1069521379470824,PRUNED,0:00:00.315811,0.0017612243785099023,30,4,3
892,2.1213229370117186,PRUNED,0:00:00.325711,0.0016895268226048404,30,4,3
893,1.713915078477426,PRUNED,0:00:00.514697,0.002973267752260159,17,4,3
894,1.7123289480805397,PRUNED,0:00:00.525986,0.003000130712958407,17,4,3
895,0.5823898208077236,PRUNED,0:00:02.583635,0.0029202519139906106,16,4,3
896,1.120466864717904,PRUNED,0:00:01.052259,0.025645616477497454,8,4,2
897,1.834333288398656,PRUNED,0:00:00.525849,0.002079740405142923,17,4,3
898,2.071156577325203,PRUNED,0:00:00.297059,0.0012880895334097338,21,2,3
899,0.5296488498972955,PRUNED,0:00:04.586442,0.002617324800555215,14,4,3
900,2.3670542807348314,PRUNED,0:00:01.941207,3.6356118142045744e-06,4,4,3
901,1.7602949347989312,PRUNED,0:00:00.345675,0.0042248161888317984,26,4,3
902,2.0169232175463723,PRUNED,0:00:00.267525,0.002648262234731964,36,4,3
903,1.5324998235702514,PRUNED,0:00:00.846677,0.018286380036922015,20,4,3
904,0.6006220670541128,PRUNED,0:00:02.086120,0.005179081198954049,20,4,3
905,1.1107710760572682,PRUNED,0:00:01.263351,0.0036613534374122835,13,4,3
906,1.19951067739558,PRUNED,0:00:01.121042,0.005245074632705772,14,4,3
907,0.5834366622178451,PRUNED,0:00:03.070995,0.0026653907943302935,13,4,3
908,0.5833521905925966,PRUNED,0:00:04.967484,0.002232854419484655,8,4,3
909,0.5834199662309095,PRUNED,0:00:04.280775,0.002275000176716876,9,4,3
910,0.5888459467759697,PRUNED,0:00:04.886024,0.00221519354694098,8,4,3
911,2.3659690578778583,PRUNED,0:00:00.364028,1.3072185194712812e-05,25,4,3
912,1.8535786846588398,PRUNED,0:00:00.323835,0.003463978906123225,26,4,3
913,0.3776082726175426,PRUNED,0:00:29.372078,0.003451744921175645,8,4,3
914,1.7272323067759123,PRUNED,0:00:00.394922,0.0034545174964530252,21,4,3
915,1.1951770563668842,PRUNED,0:00:00.896698,0.00447766707426231,19,4,3
916,1.1954911466567748,PRUNED,0:00:01.087659,0.004409880463039408,16,4,3
917,2.340957130704607,PRUNED,0:00:00.061638,0.002006751123626188,214,1,3
918,0.5399279819734125,PRUNED,0:00:04.631627,0.0031076370565982347,9,2,3
919,0.5838685398360333,PRUNED,0:00:04.271196,0.0031859486740681204,9,4,3
920,0.5328527459454152,PRUNED,0:00:04.736910,0.003079532551451842,12,4,3
921,0.49229140062966653,PRUNED,0:00:06.877394,0.0030822835129839764,12,4,3
922,1.0337495282940243,PRUNED,0:00:01.250556,0.0029509540793822672,13,4,3
923,1.1222110190124155,PRUNED,0:00:01.202674,0.006378482521451513,14,4,3
924,0.5888340891368927,PRUNED,0:00:02.460796,0.006928143116777975,16,4,3
925,1.8853730580892907,PRUNED,0:00:00.442328,0.0018503231686636415,18,4,3
926,0.5301007991356235,PRUNED,0:00:07.762832,0.004005614740890286,8,4,3
927,1.9119629071309017,PRUNED,0:00:00.388099,0.0023464004150878016,23,4,3
928,0.5552851866369927,PRUNED,0:00:09.185584,0.004087085018537279,4,3,3
929,0.9475475878164332,PRUNED,0:00:03.704685,0.00423640787044776,4,4,3
930,1.051051557865194,PRUNED,0:00:03.592697,0.0019052718805261301,4,4,3
931,0.971431088527577,PRUNED,0:00:01.568509,0.0019218706195661065,10,4,3
932,0.5339467163367938,PRUNED,0:00:07.350709,0.004098768828858894,8,4,3
933,1.843538482983907,PRUNED,0:00:00.246057,0.00387013267686674,31,3,3
934,0.5332215833728031,PRUNED,0:00:06.444579,0.0025473749721690504,8,4,3
935,2.024449340054687,PRUNED,0:00:00.236051,0.0014922484114820312,21,4,2
936,1.7197961968183517,PRUNED,0:00:00.581485,0.002373079884761309,15,4,3
937,0.4948721993938986,PRUNED,0:00:09.492853,0.0025145134980980094,9,4,3
938,0.4977905683398965,PRUNED,0:00:09.364418,0.0025258076818911617,9,4,3
939,1.9290215373039246,PRUNED,0:00:00.344026,0.0026149879463469197,26,4,3
940,1.1473748379132964,PRUNED,0:00:00.952503,0.00551192603805345,17,4,3
941,1.937326445636979,PRUNED,0:00:00.479133,0.001521285837976383,18,4,3
942,1.7057602559366534,PRUNED,0:00:00.716781,0.0020125201557292206,12,4,3
943,1.7285536492572111,PRUNED,0:00:00.661028,0.0016215780785014825,11,4,3
944,1.8464004222084494,PRUNED,0:00:00.355983,0.002600593780945442,22,4,3
945,1.9282579123973846,PRUNED,0:00:00.175962,0.00343875284806955,34,2,3
946,0.01744450069963932,COMPLETE,0:00:51.973609,0.0020662678566562695,4,4,3
947,1.810982011979626,PRUNED,0:00:00.490329,0.0020056821891996385,16,4,3
948,0.4415489033512447,PRUNED,0:00:09.664760,0.00335461206228446,13,4,3
949,0.9995424566424895,PRUNED,0:00:01.143859,0.0032900251564119266,14,4,3
950,0.963459107183641,PRUNED,0:00:03.725035,0.008869965034403704,4,4,3
951,1.031237487270627,PRUNED,0:00:03.807933,0.005237725894936386,4,4,3
952,1.7036125649665963,PRUNED,0:00:00.340350,0.0047521719858795814,26,4,3
953,1.963778297106425,PRUNED,0:00:00.420648,0.0016332603756395805,20,4,3
954,1.7157246734784997,PRUNED,0:00:00.619090,0.002074667574234956,13,4,3
955,1.1843464050111892,PRUNED,0:00:00.986286,0.004989396028968913,19,4,3
956,2.3441386563437328,PRUNED,0:00:00.082258,0.0012794514234179396,223,4,3
957,1.7149084643884138,PRUNED,0:00:00.515023,0.0029695178531375806,17,4,3
958,1.7267571370447836,PRUNED,0:00:00.700044,0.0018746919750320292,12,4,3
959,0.9979495108127594,PRUNED,0:00:01.453452,0.0019415390416828648,11,4,3
960,0.44252519177333,PRUNED,0:00:28.425472,0.0022728289245119594,4,4,3
961,0.44554595014340775,PRUNED,0:00:28.962593,0.0013809563076337427,4,4,3
962,2.2646240697187534,PRUNED,0:00:00.147406,0.0014584532001925832,45,2,3
963,1.8424809034054095,PRUNED,0:00:00.358364,0.0027677457973703523,23,4,3
964,1.0458825283473538,PRUNED,0:00:01.826541,0.006687107244075161,8,4,3
965,2.0198271465301514,PRUNED,0:00:00.289196,0.002312864766548438,30,4,3
966,0.5835249054656234,PRUNED,0:00:04.590975,0.003710515966774602,8,4,3
967,0.357981413602829,PRUNED,0:00:13.187875,0.0038574157386599755,16,4,3
968,0.5912817391753197,PRUNED,0:00:02.515433,0.0026932732464887703,15,4,3
969,1.809285987218221,PRUNED,0:00:00.413891,0.002700985073088809,20,4,3
970,2.017090033082401,PRUNED,0:00:00.184013,0.001672734484919413,22,1,2
971,1.888299887218783,PRUNED,0:00:00.614824,0.0010932230715278094,12,4,3
972,1.7908089139375343,PRUNED,0:00:00.836892,0.0010751602584788947,9,4,3
973,1.7104459096278464,PRUNED,0:00:00.307082,0.005231310789898555,27,4,3
974,1.9017520183470191,PRUNED,0:00:00.248765,0.004486689758358279,37,4,3
975,2.015637749578895,PRUNED,0:00:00.239480,0.003063581940409178,37,4,3
976,0.017459088936448097,COMPLETE,0:00:27.139821,0.0031510829521532503,8,4,3
977,1.8287954048443866,PRUNED,0:00:00.479642,0.0018941221468357547,16,4,3
978,0.5873984744952571,PRUNED,0:00:04.435122,0.001608006327091331,8,4,3
979,2.3556074394333746,PRUNED,0:00:00.622519,5.9175131535916404e-05,12,4,3
980,2.309169054031372,PRUNED,0:00:00.093863,0.0022474280715293377,146,4,3
981,1.6812375862914395,PRUNED,0:00:00.434531,0.003543950651004546,18,4,3
982,0.4017704425239435,PRUNED,0:00:23.194290,0.0028017921574604106,8,4,3
983,1.938648929198583,PRUNED,0:00:00.332663,0.002387914601062037,25,4,3
984,1.101308738667032,PRUNED,0:00:01.171751,0.006386115321980843,13,4,3
985,0.613082144449475,PRUNED,0:00:03.627332,0.0013899721132619887,8,4,3
986,2.3396838009357452,PRUNED,0:00:00.079237,0.0013831909871840008,194,4,3
987,0.828351420901155,PRUNED,0:00:04.260113,0.004227309478592811,4,3,3
988,0.5332163718719316,PRUNED,0:00:08.320526,0.002038161993767003,4,2,3
989,1.9074148893356324,PRUNED,0:00:00.399509,0.0019376619832322268,20,4,3
990,1.0434979918182536,PRUNED,0:00:00.646734,0.003694427100552285,16,2,3
991,1.7804856378099192,PRUNED,0:00:00.579634,0.0017290921752826688,13,4,3
992,1.916071919294504,PRUNED,0:00:00.350562,0.0023127506613605867,23,4,3
993,1.0082867161961653,PRUNED,0:00:03.508776,0.005543550005136516,4,4,3
994,0.5861884509363482,PRUNED,0:00:02.995288,0.002917990128867736,12,4,3
995,1.014134498143738,PRUNED,0:00:00.877460,0.004291449914948754,17,4,3
996,1.0677498059675974,PRUNED,0:00:01.303535,0.010658263859091207,11,4,3
997,1.9554058837890624,PRUNED,0:00:00.276482,0.0027351000897834626,30,4,3
998,0.97037484632297,PRUNED,0:00:00.873487,0.003267944973159379,17,4,3
999,0.5857078858527792,PRUNED,0:00:03.997186,0.0017965084771712925,9,4,3
